player,player_id,position,team_name,player_game_count,attempts,avoided_tackles,breakaway_attempts,breakaway_percent,breakaway_yards,declined_penalties,designed_yards,drops,elu_recv_mtf,elu_rush_mtf,elu_yco,elusive_rating,explosive,first_downs,franchise_id,fumbles,gap_attempts,grades_hands_fumble,grades_offense,grades_offense_penalty,grades_pass,grades_pass_block,grades_pass_route,grades_run,grades_run_block,longest,penalties,rec_yards,receptions,routes,run_plays,scramble_yards,scrambles,targets,total_touches,touchdowns,yards,yards_after_contact,yco_attempt,ypa,yprr,zone_attempts
Joe Mixon,11803,HB,CIN,20,359,53,14,20.1,295,0,1467,2,8,53,1089,44.2,36,72,7,2,125,83.2,79.2,67.7,69.5,37.3,63.7,82.1,56.4,32,1,421,60,391,407,0,0,68,419,14,1467,1089,3.03,4.1,1.08,224
Jonathan Taylor,57488,HB,IND,17,332,66,23,38.7,700,0,1811,3,9,66,1272,77.2,50,106,14,4,115,62.6,87.1,63.5,,31.2,62.5,90.0,55.5,83,1,360,40,292,381,0,0,48,372,18,1811,1272,3.83,5.5,1.23,210
Najee Harris,57121,HB,PIT,18,319,58,9,16.4,202,1,1229,7,35,58,944,69.7,28,62,25,1,118,90.0,69.6,72.4,,67.0,62.5,71.5,38.3,37,1,466,76,479,366,0,0,96,395,7,1229,944,2.96,3.9,0.97,185
Elijah Mitchell,57272,HB,SF,14,262,42,9,20.8,236,0,1132,0,6,42,901,57.3,31,57,28,0,90,91.2,76.8,55.2,,69.2,65.7,75.5,65.4,39,1,194,26,185,324,0,0,27,288,6,1132,901,3.44,4.3,1.05,172
Antonio Gibson,78050,HB,WAS,16,258,39,12,21.7,225,1,1035,4,8,39,728,44.2,24,65,32,6,70,33.2,63.3,29.2,,45.4,57.8,65.6,58.9,27,2,294,42,247,298,0,0,53,300,7,1035,728,2.82,4.0,1.19,182
Dalvin Cook,11796,HB,MIN,13,250,47,19,37.6,436,0,1159,5,7,47,682,51.9,36,56,18,3,59,74.0,65.8,86.4,,52.7,51.6,68.8,60.4,66,0,224,34,263,274,0,0,43,284,6,1159,682,2.73,4.6,0.85,175
Ezekiel Elliott,10638,HB,DAL,18,249,21,6,14.2,147,1,1033,2,7,21,670,25.4,24,59,9,1,100,85.6,69.3,68.9,60.1,40.2,55.3,76.6,52.5,47,1,287,48,448,294,0,0,67,297,10,1033,670,2.69,4.1,0.64,138
Alvin Kamara,11822,HB,NO,13,240,45,6,14.5,130,0,898,7,7,45,671,50.7,21,42,20,0,92,91.2,63.2,61.7,,12.3,65.8,65.9,57.0,30,1,439,47,271,311,0,0,65,287,4,898,671,2.8,3.7,1.62,134
Derrick Henry,10679,HB,TEN,9,239,36,9,26.4,264,0,999,0,3,36,784,49.8,20,54,31,1,106,84.0,77.3,43.8,70.7,54.4,68.5,74.9,71.9,76,1,154,18,128,261,0,0,20,257,11,999,784,3.28,4.2,1.2,133
Sony Michel,27589,HB,LA,21,234,40,9,21.2,196,0,925,2,7,40,642,50.0,22,52,26,1,84,83.5,63.1,60.6,,66.1,42.7,70.7,59.9,39,1,120,24,304,254,0,0,35,258,4,925,642,2.74,4.0,0.39,150
Josh Jacobs,45953,HB,LV,16,230,60,8,17.7,169,0,955,5,13,60,683,75.3,23,48,23,2,57,74.8,79.5,60.0,,75.3,63.0,82.8,47.8,35,1,392,58,329,274,0,0,69,288,9,955,683,2.97,4.2,1.19,168
Nick Chubb,45783,HB,CLV,14,228,57,17,36.1,454,0,1258,0,6,57,967,107.7,41,62,8,2,139,71.2,81.7,84.6,,80.5,63.7,80.6,59.3,70,0,174,20,185,250,0,0,25,248,8,1258,967,4.24,5.5,0.94,85
David Montgomery,45719,HB,CHI,13,225,38,7,19.1,162,0,849,2,9,38,569,44.5,21,55,6,1,52,83.7,69.8,89.5,37.2,76.6,69.2,67.7,68.6,41,0,301,42,289,258,0,0,49,267,7,849,569,2.53,3.8,1.04,167
Devin Singletary,40485,HB,BUF,19,214,51,14,31.4,307,0,977,4,10,51,650,71.0,22,55,4,5,101,39.0,69.0,67.4,,48.0,42.3,82.4,49.7,46,1,266,47,435,269,0,0,56,261,10,977,650,3.04,4.6,0.61,105
Damien Harris,35134,HB,NE,16,211,39,12,33.1,317,0,959,0,5,39,576,52.2,23,56,19,2,149,68.7,86.6,83.1,,49.7,69.9,84.7,60.3,64,0,139,19,120,250,0,0,21,230,15,959,576,2.73,4.5,1.16,44
James Conner,11860,HB,ARZ,16,206,40,7,19.2,148,0,771,0,12,40,576,59.6,16,56,1,2,66,69.4,81.9,90.6,,89.1,84.8,73.0,73.9,35,0,385,38,242,273,0,0,41,244,16,771,576,2.8,3.7,1.59,125
Austin Ekeler,12164,HB,LAC,16,206,37,9,18.1,165,0,911,5,16,37,621,57.9,22,53,27,4,85,50.1,75.3,89.7,,57.8,62.6,79.9,58.8,28,0,647,70,417,236,0,0,88,276,12,911,621,3.01,4.4,1.55,111
Melvin Gordon III,9448,HB,DEN,16,203,45,6,21.0,193,1,918,3,4,45,633,66.1,23,49,10,3,76,53.0,77.8,51.1,,41.4,52.9,83.4,60.0,70,1,213,28,247,218,0,0,34,231,8,918,633,3.12,4.5,0.86,124
Javonte Williams,77803,HB,DEN,17,203,63,9,25.2,228,0,903,4,8,63,694,98.7,25,53,10,2,95,69.7,75.9,87.5,,63.3,64.8,76.0,80.9,49,0,316,43,262,221,0,0,51,246,4,903,694,3.42,4.4,1.21,104
A.J. Dillon,57165,HB,GB,18,194,31,4,11.2,93,0,828,1,9,31,609,55.1,9,52,12,2,65,67.8,86.2,52.0,,57.7,64.8,89.7,48.5,36,1,313,34,207,218,0,0,37,228,6,828,609,3.14,4.3,1.51,126
Leonard Fournette,11759,HB,TB,15,193,30,7,19.6,169,0,863,7,13,30,600,49.3,17,50,30,1,131,83.0,75.1,88.0,60.0,56.3,64.8,80.0,43.4,47,0,510,78,404,222,0,0,92,271,10,863,600,3.11,4.5,1.26,60
Aaron Jones,11937,HB,GB,16,183,39,8,25.4,213,1,840,5,10,39,576,63.2,17,40,12,2,49,69.2,82.0,91.6,,67.5,72.6,83.1,78.0,57,1,520,61,342,206,0,0,74,244,4,840,576,3.15,4.6,1.52,130
Myles Gaskin,45914,HB,MIA,17,173,19,7,21.1,129,0,612,2,10,19,378,28.5,12,25,17,2,85,66.7,64.8,88.6,,50.5,70.6,63.4,41.7,30,0,234,49,288,187,0,0,62,222,3,612,378,2.18,3.5,0.81,82
Chuba Hubbard,57373,HB,CAR,17,172,22,7,22.1,135,0,612,5,6,22,452,37.4,13,36,5,1,69,78.1,64.9,49.4,,52.7,51.4,68.6,64.1,26,1,174,25,178,223,0,0,34,197,5,612,452,2.63,3.6,0.98,100
James Robinson,22425,HB,JAX,14,164,28,7,22.7,174,1,767,4,5,28,539,55.6,19,41,15,4,63,35.4,67.4,55.3,,53.0,41.8,77.1,67.3,58,1,222,31,261,201,0,0,44,195,8,767,539,3.29,4.7,0.85,99
Saquon Barkley,45791,HB,NYG,13,162,20,5,21.6,128,0,593,6,7,20,435,35.7,9,27,21,2,74,63.9,59.1,56.1,,34.3,49.2,65.7,53.2,41,1,263,41,257,192,0,0,57,203,2,593,435,2.69,3.7,1.02,81
Mark Ingram II,6180,HB,NO,14,160,24,2,9.4,52,0,554,1,8,24,450,48.1,9,23,20,1,81,77.0,67.6,84.8,,85.2,76.2,61.9,57.8,28,0,162,27,148,188,0,0,31,187,2,554,450,2.81,3.5,1.09,78
Cordarrelle Patterson,7810,HB,ATL,16,153,22,3,13.8,85,0,618,0,12,22,452,49.0,20,29,2,1,39,80.1,81.3,89.0,60.0,53.0,91.4,63.7,66.4,39,0,548,52,245,179,0,0,63,205,6,618,452,2.95,4.0,2.24,113
Jamaal Williams,11889,HB,DET,13,153,24,2,6.5,39,0,601,2,4,24,420,42.9,13,42,11,1,76,76.0,69.8,32.4,,70.4,68.0,68.4,59.6,20,1,157,26,115,168,0,0,28,179,3,601,420,2.75,3.9,1.37,71
Darrell Henderson,41193,HB,LA,13,153,19,8,20.3,141,0,695,3,4,19,381,31.0,20,39,26,0,42,90.3,69.3,89.7,,79.1,49.6,77.5,60.0,29,0,219,32,295,176,0,0,46,185,5,695,381,2.49,4.5,0.74,110
D'Andre Swift,57212,HB,DET,13,151,17,8,30.8,190,1,617,5,20,17,363,41.8,21,28,11,2,62,65.0,58.0,60.5,60.0,28.2,58.5,61.3,38.4,57,2,452,62,320,171,0,0,76,213,5,617,363,2.4,4.1,1.41,69
Jalen Hurts,40291,QB,PHI,16,97,18,4,10.1,83,0,401,0,0,11,177,20.7,30,57,24,10,22,72.2,77.1,78.7,69.2,,60.0,86.9,60.0,31,3,0,0,1,428,422,51,1,97,10,823,326,2.2,5.6,0.0,43
Michael Carter,57337,HB,NYJ,14,147,39,5,26.0,166,0,639,5,15,39,495,99.4,13,29,22,1,55,76.3,71.0,20.3,,42.7,58.9,77.3,60.3,55,2,325,36,220,170,0,0,50,183,4,639,495,3.37,4.3,1.48,89
Devontae Booker,10770,HB,NYG,16,145,12,6,22.1,131,0,593,3,6,12,374,25.1,14,31,21,0,84,90.3,65.0,54.8,,48.9,67.0,66.5,41.3,31,1,268,40,253,180,0,0,45,185,2,593,374,2.58,4.1,1.06,53
Darrel Williams,13014,HB,KC,19,145,10,2,7.1,40,0,562,1,11,10,318,24.0,13,41,16,1,52,90.4,66.8,90.0,,40.4,66.0,66.8,68.8,21,1,452,47,353,173,0,0,55,192,6,562,318,2.19,3.9,1.28,91
Miles Sanders,40555,HB,PHI,13,144,21,11,34.3,264,0,770,1,11,21,414,53.2,21,34,24,1,54,75.2,70.2,48.0,,47.3,66.0,71.4,63.0,38,1,170,29,203,191,0,0,35,173,0,770,414,2.88,5.3,0.84,88
Rhamondre Stevenson,98689,HB,NE,13,141,32,5,14.1,89,0,633,1,7,32,444,77.2,20,35,19,2,105,57.1,81.1,81.4,,50.3,61.8,81.4,54.8,21,0,156,18,94,169,0,0,21,159,5,633,444,3.15,4.5,1.66,24
Josh Allen,46601,QB,BUF,19,84,42,7,14.6,131,0,398,0,0,22,230,71.7,33,62,4,9,35,64.9,90.9,72.4,81.9,,89.8,93.6,60.3,34,4,0,0,2,432,499,55,0,84,6,897,499,3.59,6.5,0.0,12
Mike Davis,9559,HB,ATL,17,138,23,3,10.3,52,1,503,3,21,23,357,62.5,11,21,2,4,35,29.5,56.1,88.6,,43.2,48.5,61.3,57.6,18,1,259,44,313,168,0,0,55,182,3,503,357,2.59,3.6,0.83,103
D'Onta Foreman,11844,HB,TEN,10,137,23,6,26.4,167,1,632,1,3,23,429,55.8,13,24,31,2,38,72.9,72.1,22.6,,60.7,76.6,69.9,49.1,45,1,123,9,66,155,0,0,10,146,3,632,429,3.13,4.6,1.86,98
Alexander Mattison,45817,HB,MIN,16,134,28,4,21.4,105,0,491,2,10,28,374,63.9,10,28,18,1,27,71.4,61.0,84.7,,54.6,61.3,61.5,41.8,48,0,228,32,196,148,0,0,38,166,3,491,374,2.79,3.7,1.16,105
Tony Pollard,27126,HB,DAL,16,134,27,9,30.4,223,1,733,3,9,27,478,73.4,17,35,9,2,56,63.8,86.0,86.9,,50.3,64.9,90.3,74.7,58,1,349,41,184,162,0,0,46,175,2,733,478,3.57,5.5,1.9,69
Lamar Jackson,46416,QB,BLT,12,83,28,3,6.8,52,0,373,0,0,15,182,39.6,24,48,3,6,66,48.6,70.2,34.3,65.9,,,75.8,60.0,31,5,0,0,0,313,394,50,0,83,2,767,387,2.91,5.8,,1
Devonta Freeman,8738,HB,BLT,16,133,21,7,27.6,159,0,576,0,7,21,300,37.8,11,31,3,0,71,90.2,68.2,56.2,,52.8,59.1,74.5,45.6,32,1,190,34,282,182,0,0,38,167,5,576,300,2.26,4.3,0.67,55
Clyde Edwards-Helaire,57279,HB,KC,12,132,19,5,14.7,90,0,613,0,6,19,326,40.4,12,25,16,2,33,55.4,65.6,13.8,,49.3,65.4,66.5,59.8,22,2,142,21,194,146,0,0,26,153,4,613,326,2.47,4.6,0.73,98
Chase Edmonds,45851,HB,ARZ,13,124,16,6,27.1,168,0,620,1,7,16,341,37.9,19,34,1,1,34,73.8,66.6,90.8,,51.7,60.1,71.7,44.9,54,0,311,43,269,166,0,0,52,167,2,620,341,2.75,5.0,1.16,80
Rex Burkhead,7971,HB,HST,16,122,17,3,17.8,76,0,427,0,1,17,330,33.1,7,30,13,1,78,72.3,65.4,86.2,60.0,45.3,75.7,60.6,70.5,36,0,186,25,189,131,0,0,31,147,3,427,330,2.7,3.5,0.98,39
Latavius Murray,7962,HB,BLT,14,119,12,4,22.2,111,1,501,2,0,12,381,29.8,9,37,3,0,60,89.3,65.5,43.3,,48.5,44.5,72.8,68.7,46,2,75,10,154,172,0,0,13,129,6,501,381,3.2,4.2,0.49,58
Rashaad Penny,27414,HB,SEA,10,119,27,13,52.3,392,0,749,1,4,27,538,112.1,19,28,29,0,40,89.3,80.5,25.1,,71.0,49.5,83.7,60.2,62,1,48,6,98,133,0,0,7,125,6,749,538,4.52,6.3,0.49,78
Alex Collins,10805,HB,SEA,11,108,16,2,11.2,46,0,411,0,3,16,265,39.8,9,22,29,1,19,67.1,66.0,26.2,,69.0,50.1,70.6,42.8,25,1,87,9,107,120,0,0,9,117,2,411,265,2.45,3.8,0.81,88
Khalil Herbert,41668,HB,CHI,16,103,18,4,22.2,96,0,433,2,5,18,291,55.5,9,24,6,0,13,73.0,78.8,85.2,,61.5,54.6,84.4,63.9,29,1,96,14,141,126,0,0,16,117,2,433,291,2.83,4.2,0.68,86
Ronald Jones,34001,HB,TB,16,101,13,3,15.2,65,0,428,1,2,13,256,34.3,8,25,30,2,75,45.0,62.3,20.0,,12.4,55.3,67.6,60.0,30,1,64,10,92,109,0,0,12,111,4,428,256,2.53,4.2,0.7,23
D'Ernest Johnson,45734,HB,CLV,15,100,26,6,24.3,130,0,534,4,8,26,347,99.1,16,24,8,1,54,69.3,81.4,38.5,,80.1,42.7,90.6,61.0,30,1,137,19,152,124,0,0,24,119,3,534,347,3.47,5.3,0.9,38
Christian McCaffrey,11763,HB,CAR,7,99,16,6,21.3,94,0,442,0,8,16,297,52.9,15,19,5,1,45,70.4,80.6,84.7,,56.8,92.8,69.7,58.5,18,0,343,37,118,125,0,0,40,136,1,442,297,3.0,4.5,2.91,53
Zack Moss,40341,HB,BUF,14,97,18,1,4.9,17,0,345,2,5,18,226,44.7,5,22,4,2,39,46.8,66.8,86.0,,36.6,51.6,75.4,53.8,17,0,197,23,178,152,0,0,31,120,4,345,226,2.33,3.6,1.11,48
Kyler Murray,38334,QB,ARZ,15,59,3,3,20.7,89,0,198,0,0,2,46,2.6,14,26,1,13,4,49.0,82.9,55.8,86.7,,,49.2,61.4,57,4,7,0,0,376,231,31,0,59,5,429,89,0.99,4.8,,28
Phillip Lindsay,12660,HB,MIA,14,88,6,1,14.1,35,0,249,1,1,6,188,16.3,2,12,17,0,54,87.5,53.9,81.0,,36.5,52.7,56.6,44.5,35,0,45,4,42,100,0,0,5,92,1,249,188,2.14,2.8,1.07,32
Boston Scott,39462,HB,PHI,11,88,9,5,28.0,114,0,407,1,0,9,217,21.8,8,25,24,1,28,63.8,71.9,84.6,,52.4,62.5,72.7,59.8,34,0,84,14,87,122,0,0,16,102,8,407,217,2.47,4.6,0.97,59
Deebo Samuel,48274,WR,SF,19,86,28,7,36.7,184,0,502,12,27,28,353,130.5,14,24,28,4,42,39.8,90.2,80.1,62.3,60.1,87.8,85.3,55.0,49,1,1559,87,532,382,0,0,128,173,9,502,353,4.1,5.8,2.93,40
Jordan Howard,10784,HB,PHI,8,86,14,5,22.4,91,0,406,1,0,14,270,49.4,9,25,24,0,17,86.6,75.6,83.4,,44.3,46.6,77.0,70.7,25,0,26,3,57,100,0,0,4,89,3,406,270,3.14,4.7,0.46,69
Tevin Coleman,9506,HB,NYJ,11,84,17,6,28.9,103,0,356,1,0,17,290,61.8,10,20,22,0,35,88.3,74.1,83.1,,59.0,59.9,75.0,52.7,20,0,49,11,58,99,0,0,14,95,0,356,290,3.45,4.2,0.84,47
Patrick Mahomes,11765,QB,KC,20,18,4,0,0.0,0,0,-23,0,0,0,0,0.0,21,30,16,10,2,47.4,80.1,73.8,75.7,,59.1,84.0,60.5,34,5,0,0,1,435,521,61,0,18,3,498,179,2.27,6.3,0.0,0
Jeff Wilson Jr.,29413,HB,SF,10,79,7,2,11.2,33,0,294,0,0,7,223,23.0,6,19,28,1,19,60.0,60.8,25.4,,86.7,55.2,62.2,53.3,17,1,31,7,75,132,0,0,8,86,2,294,223,2.82,3.7,0.41,60
Kareem Hunt,11841,HB,CLV,8,78,21,5,29.3,113,0,386,1,4,21,269,86.2,12,22,8,0,46,87.2,74.4,83.9,,66.9,67.5,74.3,59.6,33,0,174,22,109,90,0,0,25,100,5,386,269,3.45,4.9,1.6,26
Trevor Lawrence,77632,QB,JAX,17,40,6,0,0.0,0,0,96,0,0,2,44,5.5,12,21,15,9,0,61.7,59.6,68.9,58.3,,,63.6,60.0,26,2,0,0,0,367,238,33,0,40,2,334,138,1.89,4.6,,25
Cam Akers,57206,HB,LA,5,72,10,1,8.6,15,0,175,1,2,10,166,33.3,2,6,26,2,14,31.3,43.7,82.1,,62.7,63.4,39.6,60.0,15,0,86,11,76,80,0,0,13,83,0,175,166,2.31,2.4,1.13,58
Justin Fields,82118,QB,CHI,12,27,11,0,0.0,0,0,53,0,0,3,22,9.1,14,22,6,12,2,27.0,64.2,36.9,60.8,,,72.3,61.5,23,4,0,0,0,256,367,45,0,27,2,420,268,3.72,5.8,,15
Carlos Hyde,8692,HB,JAX,12,72,11,2,13.0,33,1,253,2,1,11,174,34.5,4,14,15,2,30,32.9,53.8,87.1,,45.7,41.9,61.0,47.4,18,1,65,12,159,90,0,0,17,84,1,253,174,2.42,3.5,0.41,37
Duke Johnson Jr.,9510,HB,MIA,5,71,12,2,13.0,43,0,330,1,2,12,233,61.3,11,18,17,0,54,85.6,72.1,81.0,,85.6,53.2,73.7,41.4,27,0,41,4,55,82,0,0,5,75,3,330,233,3.28,4.6,0.75,16
Taysom Hill,12112,QB,NO,12,54,17,2,17.9,67,0,256,0,1,12,185,76.8,7,26,20,2,43,72.5,75.0,65.2,59.6,16.9,61.8,91.9,60.8,44,3,52,4,52,208,118,16,6,58,5,374,289,4.13,5.3,1.0,4
Kenneth Gainwell,77737,HB,PHI,17,69,13,2,12.1,36,0,297,5,2,13,204,41.4,7,19,24,1,19,45.2,72.0,88.5,,75.8,75.9,69.3,43.2,18,0,302,38,197,91,0,0,50,107,5,297,204,2.96,4.3,1.53,49
Jaret Patterson,77745,HB,WAS,15,68,11,0,0.0,0,0,266,0,0,11,177,36.7,6,15,32,1,18,56.9,62.4,82.0,,51.2,73.3,59.6,60.0,13,0,73,10,56,74,0,0,11,78,2,266,177,2.6,3.9,1.3,50
Justin Jackson,29539,HB,LAC,13,68,4,5,39.6,144,1,364,2,5,4,242,35.6,7,18,27,1,27,60.3,63.1,21.5,,23.4,64.5,66.9,60.0,75,2,178,22,124,78,0,0,24,90,2,364,242,3.56,5.4,1.44,41
David Johnson,9519,HB,HST,13,67,7,1,6.6,15,0,228,1,6,7,163,31.9,3,7,13,1,34,61.9,60.4,87.2,,34.4,70.6,56.3,54.9,15,0,225,32,176,80,0,0,39,99,0,228,163,2.43,3.4,1.28,28
Kenyan Drake,10707,HB,LV,12,63,10,2,15.4,39,0,254,1,9,10,162,52.5,5,15,23,0,21,64.3,73.1,84.8,,51.4,82.0,69.7,39.8,21,0,291,30,170,76,0,0,36,93,2,254,162,2.57,4.0,1.71,41
Justin Herbert,28237,QB,LAC,17,27,3,1,5.6,17,0,23,0,0,0,14,0.0,12,28,27,1,1,92.6,90.0,90.5,85.8,,90.8,79.1,60.0,36,2,0,0,1,395,279,36,0,27,3,302,140,2.22,4.8,0.0,3
Daniel Jones,39395,QB,NYG,11,39,6,2,20.5,61,0,149,0,0,4,61,15.6,8,16,21,7,5,51.1,71.1,72.2,70.6,72.2,92.6,57.4,60.2,46,3,16,1,4,229,149,23,1,40,2,298,97,1.56,4.8,4.0,14
Ty Johnson,45769,HB,NYJ,16,61,8,3,26.5,63,0,238,9,8,8,131,36.2,7,13,22,1,24,37.9,56.0,88.9,,38.1,50.5,62.8,53.9,24,0,372,34,256,84,0,0,53,95,2,238,131,2.15,3.9,1.45,35
Taylor Heinicke,9896,QB,WAS,16,18,4,0,0.0,0,0,27,0,0,0,9,0.0,12,20,32,7,0,61.8,59.4,56.4,58.9,,,59.3,60.0,38,4,-2,1,0,403,286,42,1,19,1,313,120,2.0,5.2,,4
Samaje Perine,11869,HB,CIN,19,58,8,3,34.3,85,1,248,3,3,8,224,47.7,7,11,7,0,17,85.5,60.1,40.5,,42.3,59.9,65.2,43.1,46,1,243,31,202,73,0,0,37,89,1,248,224,3.86,4.3,1.2,37
Ryan Tannehill,7014,QB,TEN,18,36,6,0,0.0,0,0,69,0,0,1,29,2.2,11,32,31,11,2,58.5,83.7,62.2,81.6,60.9,57.6,71.1,60.7,28,5,0,0,2,559,213,22,0,36,7,282,116,2.0,4.9,0.0,12
Carson Wentz,10636,QB,IND,17,30,8,0,0.0,0,0,26,0,0,0,11,0.0,8,21,14,8,2,46.4,70.9,69.2,67.9,,,73.6,60.4,18,4,0,0,0,467,189,27,0,30,1,215,128,2.25,3.8,,4
Dontrell Hilliard,45691,HB,TEN,8,56,12,6,48.9,171,0,350,3,1,12,193,57.4,11,15,31,2,20,32.9,59.9,84.0,,31.7,44.3,69.2,58.1,68,0,100,22,120,69,0,0,28,78,2,350,193,3.45,6.3,0.83,31
Royce Freeman,45747,HB,HST,13,56,6,0,0.0,0,0,169,1,1,6,142,26.9,2,8,13,0,30,84.4,58.0,83.8,,58.9,49.3,63.4,41.3,13,0,77,10,115,65,0,0,14,66,0,169,142,2.54,3.0,0.67,25
Nyheim Hines,48103,HB,IND,17,56,14,3,28.3,78,0,276,2,8,14,155,63.4,6,15,14,1,20,73.0,72.7,87.7,,47.1,74.3,71.8,57.0,34,0,310,40,204,93,0,0,53,96,2,276,155,2.77,4.9,1.52,29
Craig Reynolds,94383,HB,DET,5,55,12,3,33.9,78,0,230,0,2,12,213,87.4,4,11,11,0,31,83.9,76.5,79.5,,58.3,67.9,75.6,60.2,35,0,52,7,48,63,0,0,8,62,0,230,213,3.87,4.2,1.08,23
Peyton Barber,10927,HB,LV,9,55,11,3,30.7,65,0,212,1,2,11,194,70.5,6,12,23,2,26,28.5,68.6,79.2,,85.8,65.3,66.6,60.0,27,0,67,10,44,65,0,0,13,65,2,212,194,3.53,3.9,1.52,29
Derrick Gore,32342,HB,KC,10,54,4,2,28.6,74,0,259,0,3,4,178,37.2,5,12,16,0,25,83.8,76.0,82.2,,75.2,76.0,72.2,59.1,51,0,105,8,48,67,0,0,9,62,2,259,178,3.3,4.8,2.19,29
Salvon Ahmed,57472,HB,MIA,12,54,4,1,10.7,16,0,149,2,3,4,108,21.2,3,8,17,0,17,84.0,56.6,84.2,,43.3,63.5,56.6,37.5,16,0,117,12,87,62,0,0,18,66,0,149,108,2.0,2.8,1.34,34
Tony Jones Jr.,40498,HB,NO,10,54,5,0,0.0,0,0,142,0,0,5,109,17.1,1,7,20,0,17,83.9,63.9,79.5,,88.9,58.0,62.5,60.8,11,0,29,5,50,65,0,0,7,59,0,142,109,2.02,2.6,0.58,36
Chris Carson,12004,HB,SEA,4,54,10,2,27.2,63,0,232,0,6,10,165,81.5,2,11,29,1,21,49.1,70.7,2.5,,35.0,58.1,75.0,59.4,33,1,29,6,55,61,0,0,6,60,3,232,165,3.06,4.3,0.53,31
Ke'Shawn Vaughn,45866,HB,TB,7,53,14,4,44.6,104,0,233,2,0,14,199,89.1,6,14,30,0,32,83.7,65.2,80.9,,79.3,34.2,71.9,59.9,55,0,35,6,71,59,0,0,9,59,3,233,199,3.75,4.4,0.49,18
Dak Prescott,10769,QB,DAL,17,28,4,1,9.8,17,0,20,0,0,0,10,0.0,7,9,9,15,1,37.0,82.4,80.7,83.5,,55.2,41.6,60.4,21,3,0,0,2,421,153,24,0,28,2,173,149,2.87,3.3,0.0,5
Joe Burrow,28022,QB,CIN,20,25,4,0,0.0,0,1,5,0,0,0,10,0.0,2,20,7,5,1,78.3,91.8,72.1,91.1,61.3,58.4,67.3,60.0,12,4,0,0,1,462,144,26,0,25,2,149,114,2.24,2.9,0.0,0
Ameer Abdullah,9487,HB,CAR,15,51,10,2,18.1,30,0,166,2,10,10,117,51.6,3,8,5,0,17,88.9,62.4,89.5,,31.7,73.9,56.7,71.2,15,0,289,38,193,81,0,0,48,89,0,166,117,2.29,3.3,1.5,34
Matthew Stafford,4924,QB,LA,21,35,0,0,0.0,0,0,-9,0,0,0,2,0.0,3,12,26,5,0,85.9,86.1,11.0,84.6,,52.8,73.9,60.0,14,10,0,0,3,509,94,15,1,35,2,85,8,0.16,1.7,0.0,2
Sam Darnold,29048,QB,CAR,12,26,4,0,0.0,0,0,28,0,0,0,8,0.0,8,21,5,9,1,33.2,54.7,31.9,53.9,,60.0,63.6,60.3,30,6,0,0,1,284,187,23,0,26,5,215,90,1.84,4.4,0.0,4
J.D. McKissic,11047,HB,WAS,11,48,1,1,7.1,15,1,212,2,5,1,97,13.3,6,14,32,0,15,85.1,69.5,44.2,,66.3,76.2,63.2,58.3,15,2,397,43,219,80,0,0,51,91,2,212,97,2.02,4.4,1.81,33
Cam Newton,6153,QB,CAR,8,42,10,2,24.8,57,0,194,0,0,7,111,44.0,8,19,5,4,21,72.0,53.3,9.0,46.5,,,73.8,60.3,33,2,0,0,0,105,36,5,0,42,5,230,160,3.4,4.9,,13
Tyler Huntley,46448,QB,BLT,7,22,5,1,5.1,15,0,91,0,0,3,42,26.0,13,22,3,4,16,49.0,68.3,33.0,62.0,,,82.3,60.0,21,4,0,0,0,128,203,25,0,22,2,294,121,2.57,6.3,,0
Mac Jones,60323,QB,NE,18,29,3,0,0.0,0,0,23,0,0,1,12,1.4,6,23,19,7,2,77.6,80.0,17.9,78.5,72.6,58.9,72.1,60.4,16,7,0,0,1,477,124,17,0,29,0,147,98,2.13,3.2,0.0,1
Jerick McKinnon,8731,HB,KC,15,46,3,2,15.6,33,0,212,1,7,3,104,31.0,6,8,16,1,18,52.8,65.0,89.2,,87.4,69.4,61.8,43.4,18,0,272,27,236,64,0,0,33,73,0,212,104,2.26,4.6,1.15,28
Brandon Bolden,7469,HB,NE,17,44,14,6,49.6,112,0,226,3,10,14,181,110.9,10,12,19,1,34,59.5,74.2,87.1,,48.9,78.8,77.5,60.4,24,1,432,45,228,64,0,0,54,89,1,226,181,4.11,5.1,1.89,6
Dare Ogunbowale,12329,HB,JAX,12,43,2,0,0.0,0,0,137,3,1,2,82,10.2,1,5,15,0,18,82.8,45.2,85.4,,17.8,43.4,54.3,59.5,12,0,114,13,107,54,0,0,19,56,1,137,82,1.91,3.2,1.07,25
Derek Carr,8671,QB,LV,18,22,0,0,0.0,0,0,0,0,0,0,3,0.0,3,10,23,14,0,57.7,77.6,51.3,77.5,,59.3,54.6,61.4,22,5,0,0,1,413,128,19,0,22,0,128,17,0.41,3.1,0.0,2
Russell Wilson,7077,QB,SEA,14,17,2,0,0.0,0,0,7,0,0,0,4,0.0,9,17,29,6,3,70.8,73.9,60.8,70.7,,,76.1,60.1,17,2,0,0,0,302,179,24,0,17,2,186,72,1.76,4.5,,2
Trey Sermon,57372,HB,SF,5,41,8,2,18.6,31,0,167,1,0,8,119,52.8,3,9,28,0,18,81.9,64.6,80.3,,39.6,44.0,71.1,53.7,16,0,26,3,41,55,0,0,4,44,1,167,119,2.9,4.1,0.63,22
Tua Tagovailoa,60326,QB,MIA,13,21,1,0,0.0,0,0,-2,0,0,0,2,0.0,2,12,17,9,2,30.0,68.3,88.8,67.3,,55.4,60.1,61.8,23,3,0,0,2,314,130,20,0,21,3,128,67,1.63,3.1,0.0,0
Jeremy McNichols,11917,HB,TEN,14,41,6,0,0.0,0,1,156,1,5,6,105,40.8,5,6,31,0,18,83.9,60.4,86.6,,27.7,73.8,59.0,60.0,14,1,240,28,149,53,0,0,34,69,0,156,105,2.56,3.8,1.61,19
Damien Williams,9205,HB,CHI,12,40,7,1,14.0,23,0,164,1,7,7,97,60.6,4,11,6,0,8,82.5,71.4,86.6,,72.6,63.9,73.7,58.3,23,0,103,16,97,48,0,0,22,56,2,164,97,2.43,4.1,1.06,28
Jimmy Garoppolo,8697,QB,SF,18,32,2,0,0.0,0,0,29,0,0,1,19,1.9,0,15,28,8,0,57.7,71.2,57.9,70.2,60.9,52.8,62.9,60.0,7,6,0,0,2,497,27,8,0,32,3,56,56,1.4,1.4,0.0,6
Matt Ryan,4317,QB,ATL,17,23,5,0,0.0,0,0,3,0,0,0,2,0.0,1,9,2,11,0,35.0,74.7,66.3,75.9,,58.9,41.0,60.7,17,5,0,0,1,366,79,17,0,23,1,82,46,1.15,2.1,0.0,3
Trey Lance,91399,QB,SF,6,27,1,0,0.0,0,0,75,0,0,1,56,7.7,4,8,28,0,15,87.3,59.9,82.8,61.1,,,56.7,60.2,15,0,0,0,0,86,93,12,0,27,1,168,134,3.44,4.3,,3
Le'Veon Bell,7829,HB,TB,8,39,8,0,0.0,0,0,101,1,0,8,75,35.0,1,9,30,0,34,82.1,63.3,82.4,,57.5,52.6,67.5,62.9,12,0,30,5,81,51,0,0,7,44,2,101,75,1.92,2.6,0.37,4
Eno Benjamin,57136,HB,ARZ,9,38,4,1,16.7,21,0,126,0,4,4,97,44.4,2,4,1,0,8,83.1,65.1,83.2,,46.6,83.3,58.1,59.8,21,0,68,8,49,52,0,0,9,46,1,126,97,2.55,3.3,1.39,27
Benny Snell Jr.,45954,HB,PIT,15,38,7,0,0.0,0,0,113,1,0,7,81,35.5,0,3,25,0,16,81.4,55.5,3.0,,53.1,45.6,61.9,60.0,9,1,29,4,71,43,0,0,6,42,0,113,81,2.13,3.0,0.41,20
Adrian Peterson,3623,HB,SEA,4,38,5,1,16.3,16,0,98,0,0,5,83,26.0,2,6,29,1,18,36.3,61.1,76.4,,78.6,59.2,60.6,60.0,16,0,8,4,24,42,0,0,4,42,2,98,83,2.18,2.6,0.33,20
Baker Mayfield,46518,QB,CLV,14,12,2,0,0.0,0,0,3,0,0,0,3,0.0,4,12,8,6,0,61.4,63.6,76.5,62.4,,56.3,60.1,60.2,14,3,11,0,3,358,131,25,0,12,1,134,53,1.43,3.6,3.67,1
Larry Rountree III,57308,HB,LAC,8,36,3,0,0.0,0,0,87,1,0,3,71,16.0,1,5,27,0,13,82.7,45.1,78.5,,48.5,35.4,50.0,60.0,13,0,-1,1,42,47,0,0,2,37,1,87,71,1.97,2.4,-0.02,22
Ty'Son Williams,38287,HB,BLT,8,35,7,3,38.4,71,0,185,0,0,7,113,51.4,6,7,3,1,27,39.6,62.8,82.7,,89.5,60.4,62.0,53.5,35,0,84,9,86,53,0,0,12,44,1,185,113,3.23,5.3,0.98,8
Malcolm Brown,9902,HB,MIA,7,33,5,2,32.0,40,0,125,0,0,5,92,38.7,3,6,17,0,12,80.5,61.5,2.7,,91.7,54.5,56.8,60.0,24,1,10,3,36,41,0,0,4,36,1,125,92,2.79,3.8,0.28,21
DeeJay Dallas,55632,HB,SEA,14,33,6,1,10.9,15,0,138,0,1,6,94,36.9,3,10,29,1,12,61.2,62.6,13.2,,61.5,56.0,68.7,60.6,15,1,133,21,106,38,0,0,23,54,2,138,94,2.85,4.2,1.25,21
Joshua Kelley,13750,HB,LAC,10,33,5,0,0.0,0,0,102,0,1,5,66,31.6,2,5,27,1,14,33.2,51.5,80.4,,77.5,56.6,47.2,60.0,14,0,38,5,75,41,0,0,6,38,0,102,66,2.0,3.1,0.51,17
Corey Clement,12253,HB,DAL,9,33,4,1,27.1,38,0,140,1,0,4,107,33.3,2,7,9,0,13,83.2,67.0,79.1,,83.7,50.5,70.3,57.1,38,0,29,6,24,44,0,0,7,39,0,140,107,3.24,4.2,1.21,20
Aaron Rodgers,2241,QB,GB,17,16,2,0,0.0,0,0,-10,0,0,1,2,0.7,3,10,12,4,1,88.5,89.4,78.9,87.0,,,67.9,60.0,18,3,-4,1,0,394,111,17,1,17,3,101,60,1.82,3.1,,2
Jameis Winston,9434,QB,NO,7,15,5,0,0.0,0,0,4,0,0,0,4,0.0,9,17,20,2,0,56.9,74.0,59.5,66.2,,,90.0,61.2,20,4,0,0,0,172,162,17,0,15,1,166,110,3.44,5.2,,0
Teddy Bridgewater,8667,QB,DEN,14,15,2,0,0.0,0,0,7,0,0,0,4,0.0,4,16,10,1,0,89.5,73.5,62.0,70.7,,,75.7,60.0,13,4,0,0,0,349,99,15,0,15,2,106,67,2.23,3.5,,0
Tom Brady,698,QB,TB,19,19,4,0,0.0,0,0,5,0,0,0,3,0.0,4,14,30,5,0,90.5,91.7,72.4,90.5,,58.9,77.5,60.0,13,2,0,0,1,401,76,10,0,19,2,81,43,1.48,2.8,0.0,0
Wayne Gallman,11895,HB,MIN,6,28,3,2,30.8,32,0,104,0,0,3,72,26.6,5,5,18,0,3,79.7,63.2,75.1,,19.9,63.2,64.0,,17,0,21,1,14,29,0,0,1,29,0,104,72,2.57,3.7,1.5,25
Marlon Mack,11898,HB,IND,6,28,3,1,21.8,22,0,101,0,0,3,86,30.7,4,6,14,0,11,79.5,56.4,77.5,,82.2,57.8,55.6,60.0,22,0,8,2,21,32,0,0,4,30,0,101,86,3.07,3.6,0.38,17
Kirk Cousins,7102,QB,MIN,16,13,1,0,0.0,0,0,-9,0,0,0,3,0.0,4,8,18,12,0,42.4,88.2,68.9,86.8,,50.8,60.0,60.0,29,4,0,0,4,435,124,15,0,13,1,115,38,1.36,4.1,0.0,2
Zach Wilson,82096,QB,NYJ,13,12,6,0,0.0,0,0,6,0,0,1,7,4.9,7,10,22,5,0,69.3,59.3,73.6,54.8,74.2,56.9,86.8,60.0,52,1,0,0,2,267,182,16,1,12,4,188,111,3.96,6.7,0.0,1
Austin Walter,45038,HB,NYJ,4,26,4,0,0.0,0,0,101,0,1,4,68,46.7,4,5,22,0,10,78.9,61.1,78.6,,82.5,62.2,59.4,60.0,14,0,9,2,20,28,0,0,3,28,1,101,68,2.62,3.9,0.45,15
Matt Breida,12271,HB,BUF,9,26,2,2,34.4,43,0,125,0,0,2,67,15.6,3,5,4,1,16,29.5,70.9,80.9,,22.3,77.2,69.1,59.9,28,0,72,7,40,35,0,0,7,33,1,125,67,2.58,4.8,1.8,7
Elijhaa Penny,11300,FB,NYG,17,24,5,0,0.0,0,0,99,0,3,5,80,80.8,2,9,21,0,10,79.5,64.4,0.0,,57.4,73.1,70.3,56.2,12,3,30,9,43,79,0,0,11,33,1,99,80,3.33,4.1,0.7,10
Patrick Taylor Jr.,40448,HB,GB,6,23,6,0,0.0,0,0,89,0,0,6,70,73.0,2,5,12,0,7,78.3,79.0,77.7,,75.7,60.7,79.3,60.0,12,0,3,2,22,28,0,0,2,25,1,89,70,3.04,3.9,0.14,16
Ben Roethlisberger,1732,QB,PIT,17,19,1,0,0.0,0,0,-14,0,0,0,-1,0.0,0,3,25,12,0,28.1,53.0,70.2,52.8,,,52.5,60.0,8,2,0,0,0,403,18,3,0,19,1,4,2,0.09,0.2,,2
Colt McCoy,5609,QB,ARZ,8,19,1,0,0.0,0,0,24,0,0,1,6,1.7,1,6,1,4,1,27.5,55.8,83.4,56.8,,58.4,52.5,60.0,11,0,0,0,1,95,13,3,0,19,0,37,15,0.68,1.7,0.0,2
Travis Homer,45859,HB,SEA,14,21,4,2,55.9,99,0,177,1,5,4,60,69.5,4,7,29,0,9,80.3,65.7,86.6,,67.4,61.1,67.7,59.9,73,0,161,16,95,28,0,0,20,37,1,177,60,2.86,8.4,1.69,10
Qadree Ollison,45934,HB,ATL,7,21,1,1,18.1,19,0,105,1,1,1,63,24.0,5,7,2,1,9,27.0,56.6,78.8,,28.6,46.5,64.7,60.0,19,0,12,4,22,25,0,0,5,25,1,105,63,3.0,5.0,0.55,12
Giovani Bernard,7818,HB,TB,14,21,2,2,40.2,41,0,102,2,4,2,69,40.2,2,5,30,1,18,47.5,65.1,84.1,,64.5,62.2,69.4,60.0,24,0,162,28,136,24,0,0,37,49,1,102,69,3.29,4.9,1.19,1
Jacoby Brissett,10725,QB,MIA,11,6,2,0,0.0,0,0,5,0,0,0,3,0.0,2,9,17,6,0,50.4,76.3,85.7,74.0,,60.0,69.3,60.5,19,2,0,0,1,98,65,13,0,6,1,70,23,1.21,3.7,0.0,0
Tyrod Taylor,6332,QB,HST,6,4,5,0,0.0,0,0,3,0,0,1,10,62.5,4,7,13,3,2,70.7,59.2,85.1,55.2,,58.4,73.1,60.2,30,0,0,0,1,134,148,15,0,4,3,151,97,5.11,7.9,0.0,0
J.J. Taylor,25512,HB,NE,5,19,0,1,40.5,15,0,37,0,1,0,29,6.6,1,3,19,1,10,27.0,58.4,76.5,,67.1,36.6,66.5,60.0,15,0,8,4,25,25,0,0,4,23,2,37,29,1.53,1.9,0.32,3
Chris Evans,27303,HB,CIN,15,19,5,0,0.0,0,0,90,0,5,5,77,115.8,3,3,7,0,5,82.3,75.6,82.0,,84.1,82.3,65.7,60.0,13,0,154,16,73,24,0,0,19,35,0,90,77,4.05,4.7,2.11,13
Rondale Moore,62890,WR,ARZ,15,18,3,1,34.2,26,0,76,2,13,3,77,88.9,2,2,1,1,8,69.1,70.7,87.6,,,70.1,66.8,53.6,26,1,467,59,283,159,0,0,70,77,0,76,77,4.28,4.2,1.65,2
Davis Mills,52269,QB,HST,13,8,0,0,0.0,0,0,2,0,0,0,8,0.0,1,5,13,5,0,48.0,58.5,73.8,59.0,,58.9,48.4,60.3,11,3,0,0,1,273,42,10,0,8,0,44,39,2.17,2.4,0.0,2
Godwin Igwebuike,49166,HB,DET,10,18,4,1,35.6,42,0,118,0,4,4,76,135.1,3,7,11,2,9,26.7,66.6,82.4,,65.6,58.4,72.8,60.0,42,0,60,7,70,19,0,0,10,25,1,118,76,4.22,6.6,0.86,9
Jared Goff,10635,QB,DET,14,5,0,1,19.5,17,1,14,0,0,0,2,0.0,4,4,11,9,0,39.5,60.3,40.8,61.7,60.9,60.0,39.6,60.1,26,9,0,0,1,342,73,12,0,5,0,87,17,1.0,5.1,0.0,2
Jonathan Williams,10790,HB,WAS,5,17,3,1,29.1,23,0,79,0,0,3,72,60.5,2,7,32,0,4,76.9,74.6,78.1,,24.0,63.4,79.0,60.0,23,0,28,4,29,22,0,0,5,21,1,79,72,4.24,4.6,0.97,13
JaMycal Hasty,25582,HB,SF,14,16,2,1,30.9,21,0,68,0,4,2,40,37.5,2,6,28,1,5,25.9,61.3,0.0,,19.9,68.2,62.1,76.8,21,2,163,24,120,30,0,0,29,40,1,68,40,2.5,4.3,1.36,10
Andy Dalton,6187,QB,CHI,8,4,1,0,0.0,0,0,-6,0,0,0,0,0.0,2,2,6,2,0,90.6,67.1,86.2,63.5,,,78.1,60.7,14,1,0,0,0,133,82,12,0,4,0,76,25,1.56,4.8,,0
Kalen Ballage,45741,HB,PIT,10,16,3,0,0.0,0,0,49,2,0,3,42,43.8,2,4,25,0,2,76.6,48.6,83.0,,56.5,31.1,60.2,60.0,13,0,8,2,50,19,0,0,7,18,0,49,42,2.63,3.1,0.16,12
Mitchell Trubisky,11757,QB,BUF,7,14,0,0,0.0,0,0,-8,0,0,0,0,0.0,1,3,4,0,0,77.4,68.4,77.0,53.0,,,76.6,60.0,22,1,0,0,0,26,30,2,0,14,1,22,0,0.0,1.4,,0
Jermar Jefferson,83740,HB,DET,6,15,0,1,37.8,28,0,74,0,0,0,36,0.0,1,4,11,0,8,76.9,69.3,77.9,,30.9,70.4,67.6,60.0,28,0,23,4,15,18,0,0,5,19,2,74,36,2.4,4.9,1.53,6
Ryquell Armstead,45810,HB,JAX,2,15,2,1,32.5,26,0,80,1,0,2,51,37.8,1,3,15,0,6,76.4,58.8,0.0,,,44.8,66.3,60.0,26,1,16,3,13,19,0,0,4,18,0,80,51,3.4,5.3,1.23,9
Ty Montgomery,9527,WR,NO,14,15,1,0,0.0,0,0,44,3,0,1,34,7.3,0,2,20,0,6,78.9,51.4,50.7,,46.5,45.8,69.0,55.2,9,1,95,16,176,111,0,0,23,31,0,44,34,2.27,2.9,0.54,8
Isaiah McKenzie,11927,WR,BUF,17,15,2,1,16.5,15,0,91,1,4,2,34,34.9,3,7,4,0,6,59.6,72.3,86.3,,,75.4,68.1,32.5,15,0,226,24,164,120,0,0,30,39,1,91,34,2.27,6.1,1.38,0
Trayveon Williams,45775,HB,CIN,2,15,5,0,0.0,0,0,51,0,1,5,39,97.5,1,4,7,0,7,75.7,68.4,75.6,,,53.9,70.3,60.0,10,0,4,1,13,20,0,0,2,16,0,51,39,2.6,3.4,0.31,8
Mecole Hardman,42683,WR,KC,20,14,1,2,48.5,49,0,101,4,16,1,50,75.0,3,4,16,3,1,42.0,70.2,88.3,,,70.4,53.3,59.2,25,0,814,67,495,201,0,0,89,81,1,101,50,3.57,7.2,1.64,1
Chase Claypool,42312,WR,PIT,16,14,2,3,60.4,58,1,96,7,8,2,31,29.1,5,7,25,0,0,82.6,67.2,31.1,,,68.4,58.5,60.4,25,8,885,62,530,299,0,0,110,76,0,96,31,2.21,6.9,1.67,0
Ja'Marr Chase,84270,WR,CIN,21,13,5,1,28.3,15,0,53,11,22,5,27,47.1,2,5,7,2,2,40.1,85.3,82.3,,,86.1,59.8,56.3,15,3,1823,106,746,399,0,0,158,119,0,53,27,2.08,4.1,2.44,1
Marcus Mariota,9435,QB,LV,9,13,2,2,52.9,46,0,87,0,0,2,41,48.5,2,6,23,1,6,23.1,58.2,76.0,60.7,,59.8,57.8,60.0,31,0,0,0,1,21,0,0,0,13,1,87,41,3.15,6.7,0.0,6
Kene Nwangwu,40547,HB,MIN,6,13,5,1,31.1,19,0,61,0,0,5,63,142.5,2,3,18,0,1,82.2,68.2,77.0,,69.4,63.8,67.3,,19,0,9,4,14,15,0,0,5,17,0,61,63,4.85,4.7,0.64,7
Jason Huntley,45693,HB,PHI,1,13,1,1,35.3,18,0,51,0,0,1,35,20.7,2,2,24,0,3,76.7,52.4,75.3,,67.1,53.1,53.6,59.7,18,0,0,0,13,17,0,0,1,13,0,51,35,2.69,3.9,0.0,10
Deon Jackson,57189,HB,IND,3,13,1,0,0.0,0,0,31,0,0,1,27,16.0,1,2,14,0,3,74.7,61.4,72.5,,,,61.0,60.0,10,0,0,0,0,16,0,0,0,13,1,31,27,2.08,2.4,,9
Kendrick Bourne,12270,WR,NE,18,13,3,4,47.5,66,0,139,2,11,3,60,86.2,7,8,19,1,0,51.6,77.8,55.4,71.0,,77.2,76.3,43.5,18,3,877,62,436,147,0,0,75,75,0,139,60,4.62,10.7,2.01,0
Case Keenum,7323,QB,CLV,7,8,1,0,0.0,0,0,3,0,0,0,1,0.0,1,6,8,1,0,52.0,57.4,0.0,55.1,,,71.4,60.0,10,2,0,0,0,93,19,4,0,8,0,22,15,1.25,1.8,,0
Jordan Love,40306,QB,GB,6,7,0,0,0.0,0,1,-6,0,0,0,0,0.0,1,1,12,3,0,27.2,36.2,81.6,31.3,,,70.5,60.0,10,1,0,0,0,58,33,5,0,7,0,27,37,3.08,2.3,,0
Laviska Shenault Jr.,61220,WR,JAX,16,11,1,0,0.0,0,0,41,10,20,1,28,72.2,2,2,15,1,5,50.9,63.7,58.9,,77.7,62.6,62.1,74.1,11,3,619,63,454,206,0,0,95,74,0,41,28,2.55,3.7,1.36,2
Brian Hoyer,5277,QB,NE,5,11,0,0,0.0,0,0,-8,0,0,0,0,0.0,0,1,19,0,0,76.7,83.6,77.3,81.9,,,67.7,60.0,2,0,0,0,0,29,0,0,0,11,0,-8,0,0.0,-0.7,,0
Kyle Juszczyk,7912,FB,SF,20,11,0,0,0.0,0,0,36,1,2,0,16,6.8,1,4,28,0,2,79.3,64.0,75.1,,80.4,63.6,60.1,59.1,13,1,311,32,305,345,0,0,41,43,1,36,16,1.45,3.3,1.02,3
Michael Burton,9601,FB,KC,19,10,2,0,0.0,0,0,30,0,0,2,20,30.8,0,10,16,0,0,75.6,82.1,82.0,,85.8,70.4,82.9,61.9,7,0,31,3,16,77,0,0,3,13,1,30,20,2.0,3.0,1.94,0
Jalen Reagor,61697,WR,PHI,18,10,2,0,0.0,0,1,32,4,5,2,20,31.8,3,3,24,0,3,69.4,55.1,89.7,,,54.1,64.8,53.2,12,2,301,34,486,288,0,0,57,44,0,32,20,2.0,3.2,0.62,0
CeeDee Lamb,61570,WR,DAL,17,10,2,1,40.7,33,1,81,8,19,2,31,72.3,4,5,9,0,2,87.7,84.1,56.9,,67.8,84.8,66.4,57.8,33,3,1123,80,579,304,0,0,120,90,0,81,31,3.1,8.1,1.94,2
DeAndre Carter,9859,WR,WAS,17,10,1,2,47.2,42,0,89,3,1,1,17,10.0,5,4,32,1,2,47.3,63.7,87.8,,,64.6,48.0,62.3,27,0,296,24,262,224,0,0,41,34,0,89,17,1.7,8.9,1.13,0
James White,8765,HB,NE,3,10,1,0,0.0,0,0,38,0,1,1,14,12.7,1,4,19,0,6,76.4,78.1,78.0,,70.2,82.2,76.6,60.0,10,0,94,12,38,11,0,0,14,22,1,38,14,1.4,3.8,2.47,1
Kylin Hill,57306,HB,GB,4,10,0,0,0.0,0,0,24,0,0,0,19,0.0,0,1,12,0,3,78.7,55.5,75.3,,77.2,55.4,55.7,60.0,8,0,5,1,11,13,0,0,2,11,0,24,19,1.9,2.4,0.45,6
Tyreek Hill,10799,WR,KC,20,10,1,4,86.2,81,2,94,10,15,1,16,17.8,5,5,16,2,0,48.8,86.0,59.8,,,85.6,68.9,63.3,33,4,1524,134,711,285,0,0,182,144,0,94,16,1.6,9.4,2.14,0
Drew Lock,39517,QB,DEN,6,3,1,0,0.0,0,0,5,0,0,0,2,0.0,1,5,10,2,0,40.5,60.0,83.9,59.9,,60.7,54.7,60.0,23,0,1,1,2,94,48,7,1,4,2,53,19,1.9,5.3,0.5,1
Jalen Richard,11395,HB,LV,11,9,0,1,57.5,23,0,40,0,3,0,20,30.3,1,3,23,0,2,80.2,65.3,84.2,,62.8,67.1,66.1,60.0,23,0,76,13,101,12,0,0,15,22,0,40,20,2.22,4.4,0.75,6
Jonathan Ward,25859,HB,ARZ,8,9,0,0,0.0,0,0,33,0,0,0,19,0.0,0,3,1,0,1,74.4,83.2,79.2,,26.6,90.9,73.2,72.4,7,0,34,3,25,19,0,0,3,12,0,33,19,2.11,3.7,1.36,7
Cooper Rush,12324,QB,DAL,5,8,0,0,0.0,0,0,-10,0,0,0,1,0.0,0,0,9,1,0,43.2,56.7,81.1,57.0,,58.9,56.5,60.0,2,0,0,0,1,55,2,1,0,8,0,-8,1,0.11,-0.9,0.0,0
Keith Smith,9302,FB,ATL,17,9,0,0,0.0,0,0,31,1,2,0,18,22.2,0,3,2,0,2,76.3,61.8,85.6,,65.9,61.5,66.4,56.1,8,0,56,9,56,157,0,0,10,18,0,31,18,2.0,3.4,1.0,3
Geno Smith,7820,QB,SEA,4,5,2,0,0.0,0,0,5,0,0,1,8,32.0,2,3,29,1,0,60.5,73.9,0.0,71.4,,,78.4,60.0,12,2,0,0,0,84,37,4,0,5,1,42,24,2.67,4.7,,1
Josh Johnson,4474,QB,BLT,4,4,0,0,0.0,0,0,-2,0,0,0,2,0.0,1,1,3,2,1,55.1,73.3,81.6,76.5,,,43.8,60.0,11,0,0,0,0,30,30,5,0,4,0,28,43,4.78,3.1,,1
Jonnu Smith,11855,TE,NE,17,9,3,0,0.0,0,1,40,3,2,3,31,46.5,0,2,19,1,5,30.2,58.5,63.0,,51.9,67.7,83.2,42.5,9,7,294,28,162,332,0,0,43,37,0,40,31,3.44,4.4,1.81,0
Gardner Minshew,41401,QB,PHI,4,5,0,0,0.0,0,0,2,0,0,0,4,0.0,0,2,24,1,0,48.4,61.7,82.5,59.9,,59.0,62.2,60.0,9,0,0,0,1,90,19,4,0,5,0,21,4,0.44,2.3,0.0,1
Trevor Siemian,9683,QB,NO,6,6,0,0,0.0,0,0,-2,0,0,0,1,0.0,1,2,20,3,0,70.6,64.4,58.7,63.6,,,62.2,60.2,17,1,0,0,0,142,22,3,0,6,1,20,42,4.67,2.2,,0
Blaine Gabbert,6162,QB,TB,6,9,0,0,0.0,0,0,-7,0,0,0,0,0.0,0,0,30,0,0,25.1,70.6,77.5,69.6,,,62.3,60.0,0,0,0,0,0,30,0,0,0,9,0,-7,0,0.0,-0.8,,0
Chad Henne,4371,QB,KC,4,7,0,0,,0,0,-4,0,0,0,0,0.0,0,0,16,2,1,18.4,30.8,76.3,43.1,,,30.6,60.0,4,0,0,0,0,13,4,1,0,7,0,0,0,0.0,0.0,,1
La'Mical Perine,26408,HB,NYJ,3,8,2,0,0.0,0,0,31,0,0,2,22,68.8,1,1,22,0,2,72.1,55.4,74.1,,69.1,53.3,56.4,59.8,14,0,0,0,11,10,0,0,0,8,0,31,22,2.75,3.9,0.0,6
Jake Fromm,60389,QB,NYG,3,2,2,0,0.0,0,0,3,0,0,0,3,0.0,2,4,21,2,0,45.4,38.5,81.2,36.7,,,61.4,60.5,27,0,0,0,0,40,62,6,0,2,0,65,45,5.63,8.1,,0
D.J. Moore,48267,WR,CAR,17,8,2,0,0.0,0,0,48,9,7,2,26,29.0,3,4,5,1,2,59.7,76.9,91.6,,66.8,76.3,63.3,62.6,14,1,1157,93,622,339,0,0,156,101,0,48,26,3.25,6.0,1.86,0
Robert Woods,7822,WR,LA,9,8,0,1,34.8,16,0,46,4,3,0,19,13.4,1,1,26,0,1,80.2,75.7,88.1,,72.6,72.1,61.5,84.9,16,0,556,45,319,203,0,0,66,53,1,46,19,2.38,5.8,1.74,3
Brandon Allen,10835,QB,CIN,6,7,0,0,0.0,0,0,-1,0,0,0,0,0.0,0,1,7,1,0,31.9,42.3,0.0,41.7,,,63.2,60.0,3,1,0,0,0,50,0,0,0,7,0,-1,0,0.0,-0.1,,0
Mike Glennon,7854,QB,NYG,6,2,0,0,0.0,0,0,0,0,0,0,0,0.0,1,2,21,6,1,27.2,30.0,25.2,31.2,,,54.5,61.2,13,2,0,0,0,122,33,5,0,2,1,33,0,0.0,4.7,,0
Amon-Ra St. Brown,84470,WR,DET,17,7,2,1,42.6,26,0,61,2,8,2,40,58.9,3,2,11,0,2,84.1,79.4,88.6,,68.6,79.4,71.1,56.5,26,1,912,90,523,264,0,0,115,97,1,61,40,5.71,8.7,1.74,0
Demetric Felton,40568,WR,CLV,16,7,0,0,0.0,0,0,24,2,6,0,16,54.9,1,0,8,0,4,87.7,78.1,81.3,,75.0,78.4,62.5,67.1,12,0,181,18,82,41,0,0,21,25,0,24,16,2.29,3.4,2.21,2
C.J. Ham,11347,FB,MIN,17,7,2,1,88.2,30,0,34,0,2,2,30,71.4,1,3,18,0,2,76.7,69.9,35.5,,65.6,81.4,63.4,61.2,30,2,125,17,90,239,0,0,18,24,0,34,30,4.29,4.9,1.39,2
Devin Duvernay,40006,WR,BLT,16,7,1,1,38.0,19,0,50,2,3,1,16,22.9,3,3,3,0,4,72.3,55.7,86.8,,72.8,54.5,60.5,59.8,19,1,272,33,379,196,0,0,42,40,0,50,16,2.29,7.1,0.72,0
Jamal Agnew,11920,WR,JAX,10,7,1,1,59.5,66,0,111,3,2,1,29,40.1,3,3,15,0,3,64.1,65.6,83.5,,,62.8,77.6,56.1,66,0,229,24,182,68,0,0,35,31,1,111,29,4.14,15.9,1.26,0
Braxton Berrios,47961,WR,NYJ,16,5,1,0,0.0,0,0,37,1,2,0,10,7.8,1,3,22,1,0,90.2,74.0,85.9,,,74.3,69.1,41.1,11,0,431,46,263,111,3,2,60,51,2,40,10,1.43,5.7,1.64,0
Jalen Guyton,34164,WR,LAC,16,7,1,1,61.8,21,1,34,4,7,1,29,87.2,1,2,27,1,0,32.4,57.4,55.4,,,59.6,38.2,55.4,21,3,448,31,433,151,0,0,46,38,0,34,29,4.14,4.9,1.03,0
P.J. Walker,12134,QB,CAR,5,5,1,0,0.0,0,0,-5,0,0,1,1,4.0,1,2,5,3,1,49.0,52.0,17.3,52.6,,,59.1,60.3,13,1,0,0,0,47,18,2,0,5,0,13,1,0.14,1.9,,1
Scottie Phillips,83711,HB,HST,2,6,0,0,0.0,0,0,13,0,1,0,11,22.9,0,1,13,0,2,71.6,49.4,71.5,,29.7,61.9,50.2,,4,0,9,2,9,6,0,0,3,8,0,13,11,1.83,2.2,1.0,4
Darnell Mooney,48236,WR,CHI,17,6,2,1,46.9,15,0,32,4,10,2,8,18.4,2,2,6,0,2,83.0,74.7,90.8,,65.8,74.9,56.1,57.4,15,0,1055,81,613,334,0,0,134,87,1,32,8,1.33,5.3,1.72,0
Anthony Schwartz,84135,WR,CLV,14,6,0,1,43.6,17,0,39,1,0,0,15,0.0,3,4,8,0,0,80.6,57.4,55.8,,,56.7,63.9,58.9,17,1,135,10,164,126,0,0,22,16,0,39,15,2.5,6.5,0.82,0
Justin Jefferson,61398,WR,MIN,17,6,0,0,0.0,0,0,14,9,9,0,15,19.7,1,1,18,1,0,60.9,90.1,79.3,68.2,,90.1,58.0,64.0,11,1,1616,108,623,351,0,0,163,114,0,14,15,2.5,2.3,2.59,0
Jarvis Landry,8698,WR,CLV,12,4,2,0,0.0,0,1,16,2,8,2,9,40.2,1,4,8,3,0,21.4,66.3,50.5,60.0,68.1,68.0,65.2,62.0,16,2,570,52,321,192,24,2,79,56,2,40,17,2.83,6.7,1.78,2
Logan Woodside,46517,QB,TEN,5,6,0,0,0.0,0,0,-6,0,0,0,0,0.0,0,0,31,0,0,70.6,62.5,71.9,,,,61.6,60.0,-1,0,0,0,0,9,0,0,0,6,0,-6,0,0.0,-1.0,,0
Cooper Kupp,11824,WR,LA,21,6,1,1,78.3,18,0,23,9,30,1,13,36.5,1,2,26,1,0,76.3,93.0,92.3,66.2,40.2,93.1,51.3,80.9,18,0,2425,178,778,475,0,0,230,184,0,23,13,2.17,3.8,3.12,0
Brandon Aiyuk,84109,WR,SF,20,4,2,0,0.0,0,0,13,3,18,2,17,123.2,0,0,28,1,0,67.2,75.9,50.9,,66.0,78.3,44.2,58.2,8,5,951,65,559,470,4,1,97,69,0,17,19,3.8,3.4,1.7,0
Mason Rudolph,46569,QB,PIT,2,2,1,0,0.0,0,0,-1,0,0,0,19,0.0,3,3,25,0,0,82.3,74.2,80.5,68.8,,,81.7,60.0,26,0,0,0,0,31,54,3,0,2,0,53,81,16.2,10.6,,0
Deonte Harty,91470,WR,NO,13,5,1,1,53.7,22,0,41,3,6,1,18,61.5,1,1,20,0,0,68.9,87.8,84.6,,,86.7,74.9,60.4,22,0,570,36,212,75,0,0,57,41,0,41,18,3.6,8.2,2.69,0
Jaylen Samuels,47297,HB,HST,3,5,1,0,0.0,0,0,9,1,1,1,12,60.0,0,0,13,0,3,72.3,52.3,71.9,,,37.1,58.7,60.0,3,0,14,3,10,6,0,0,4,8,0,9,12,2.4,1.8,1.4,2
Elijah Moore,84302,WR,NYJ,11,5,1,2,63.0,34,2,54,2,5,1,9,22.5,2,3,22,0,0,79.4,71.2,46.3,,65.7,73.8,66.4,31.5,19,4,538,43,308,147,0,0,74,48,1,54,9,1.8,10.8,1.75,0
Freddie Swain,26448,WR,SEA,17,5,0,0,0.0,0,0,32,1,3,0,13,26.0,1,2,29,0,0,88.4,50.3,69.2,,82.4,51.4,55.6,41.1,11,1,343,25,366,196,0,0,39,30,0,32,13,2.6,6.4,0.94,0
Alex Armah,11948,FB,WAS,11,5,1,0,0.0,0,0,21,0,0,1,14,46.7,0,4,32,0,0,72.4,57.4,80.3,,74.8,51.9,70.3,53.0,9,0,1,1,17,52,0,0,1,6,0,21,14,2.8,4.2,0.06,0
Mekhi Sargent,83684,HB,JAX,4,5,0,0,0.0,0,0,11,1,0,0,8,0.0,0,1,15,0,3,69.7,43.4,68.3,,,25.9,56.9,,3,0,0,0,1,5,0,0,1,5,0,11,8,1.6,2.2,0.0,2
Michael Pittman Jr.,29049,WR,IND,17,5,0,1,56.8,25,1,44,5,9,0,12,23.2,1,1,14,1,0,57.1,78.0,30.2,,66.3,79.9,65.5,56.1,25,5,1082,88,555,377,0,0,124,93,0,44,12,2.4,8.8,1.95,0
D'Wayne Eskridge,29573,WR,SEA,10,5,1,1,50.8,30,0,59,0,1,1,16,42.7,2,2,29,0,0,74.9,58.3,82.2,,,55.4,84.0,41.9,30,0,64,10,108,75,0,0,19,15,0,59,16,3.2,11.8,0.59,0
Diontae Johnson,33441,WR,PIT,17,5,1,1,47.2,25,1,53,8,16,1,20,58.1,3,2,25,2,0,35.9,73.2,10.1,,,73.8,72.6,64.6,25,10,1195,112,654,345,0,0,176,117,0,53,20,4.0,10.6,1.83,0
Jakeem Grant,10820,WR,CHI,14,5,2,0,0.0,0,0,33,2,4,2,24,180.0,2,2,6,1,2,30.0,63.7,84.4,,,61.4,69.8,58.8,13,1,132,11,90,52,0,0,17,16,0,33,24,4.8,6.6,1.47,0
Wendell Smallwood,10787,HB,WAS,2,5,1,0,0.0,0,0,25,0,0,1,11,24.4,1,2,32,0,1,71.8,50.9,73.3,,45.1,64.5,46.3,,13,0,22,4,14,5,0,0,4,9,0,25,11,2.2,5.0,1.57,4
Mike White,46453,QB,NYJ,4,5,0,0,0.0,0,0,-1,0,0,0,0,0.0,0,2,22,0,0,88.1,53.6,41.3,51.4,,90.8,71.1,60.0,2,1,0,0,0,63,0,0,0,5,0,-1,0,0.0,-0.2,,0
Buddy Howell,12888,HB,LA,2,5,0,0,0.0,0,0,11,0,0,0,12,0.0,0,0,26,0,0,72.0,66.9,70.2,,,59.7,65.5,60.0,4,0,0,0,1,6,0,0,0,5,0,11,12,2.4,2.2,0.0,5
Kenjon Barner,7963,HB,TB,1,4,0,0,,0,0,0,0,0,0,5,0.0,0,0,30,0,2,76.2,49.6,69.5,,,57.8,51.6,60.0,1,0,0,0,2,7,0,0,0,4,0,0,5,1.25,0.0,0.0,2
JaQuan Hardy,143793,HB,DAL,2,4,2,1,75.9,22,0,29,0,0,2,16,200.0,1,1,9,0,0,70.1,70.0,71.1,,,59.9,67.2,60.0,22,0,0,0,1,7,0,0,0,4,1,29,16,4.0,7.3,0.0,4
Blake Bell,9550,TE,KC,19,4,0,0,0.0,0,0,10,1,1,0,6,10.7,0,4,16,0,0,73.7,69.1,69.6,,70.5,52.5,79.2,70.2,3,2,90,10,103,231,0,0,12,14,0,10,6,1.5,2.5,0.87,0
Jake Funk,45835,HB,LA,6,4,0,0,0.0,0,0,10,0,0,0,9,0.0,0,0,26,0,0,73.2,53.6,78.4,,78.7,51.4,55.7,60.0,8,0,0,0,16,9,0,0,0,4,0,10,9,2.25,2.5,0.0,4
Kalif Raymond,11028,WR,DET,16,4,1,0,0.0,0,0,28,3,4,1,9,21.6,1,2,11,0,0,87.7,60.5,89.0,,68.3,60.6,58.5,49.6,13,0,576,48,469,245,0,0,70,52,0,28,9,2.25,7.0,1.23,0
Chris Godwin,11839,WR,TB,14,4,0,0,0.0,0,0,21,5,15,0,11,40.4,0,4,30,2,0,33.9,81.3,89.0,,69.6,79.4,68.5,74.0,9,0,1103,98,560,248,0,0,124,102,1,21,11,2.75,5.3,1.97,0
Curtis Samuel,11795,WR,WAS,5,4,0,0,0.0,0,0,11,0,1,0,9,22.5,0,0,32,0,0,72.0,66.0,81.0,,,66.0,59.0,67.3,8,0,27,6,37,43,0,0,8,10,0,11,9,2.25,2.8,0.73,1
Dwayne Washington,10870,HB,NO,5,4,1,0,0.0,0,0,16,0,0,1,13,54.2,0,0,20,0,1,73.1,64.1,72.0,,85.8,58.5,64.5,,5,0,12,2,9,4,0,0,2,6,0,16,13,3.25,4.0,1.33,3
Nick Foles,7089,QB,CHI,1,3,0,0,0.0,0,0,0,0,0,0,0,0.0,0,1,6,1,0,29.6,60.2,79.5,59.4,,,60.1,60.3,8,0,0,0,0,31,8,1,0,3,0,8,0,0.0,2.0,,0
Equanimeous St. Brown,47967,WR,GB,14,4,1,0,0.0,0,0,15,0,3,1,18,138.5,2,2,12,0,0,74.1,56.2,85.7,,73.1,55.1,61.8,57.0,13,2,98,9,157,146,0,0,16,13,0,15,18,4.5,3.8,0.62,0
Mike Boone,31615,HB,DEN,4,4,0,1,45.7,16,0,35,0,0,0,10,0.0,2,2,10,0,4,70.0,58.7,76.0,,21.2,63.8,62.6,60.0,16,0,22,2,12,7,0,0,2,6,0,35,10,2.5,8.8,1.83,0
Albert Wilson,8943,WR,MIA,14,4,3,0,0.0,0,0,17,2,7,3,32,275.9,1,1,17,0,0,77.6,59.3,60.4,67.7,,57.1,66.8,68.9,14,1,213,25,218,123,0,0,37,29,0,17,32,8.0,4.3,0.98,0
Robbie Anderson,11254,WR,CAR,17,3,2,1,83.3,30,0,36,5,4,2,40,142.9,1,1,5,0,0,80.5,60.6,89.9,,,59.3,72.4,57.8,30,0,519,53,623,326,0,0,105,56,0,36,40,13.33,12.0,0.83,0
Damarea Crockett,27436,HB,DEN,2,3,1,0,0.0,0,0,7,0,0,1,6,66.7,0,0,10,0,3,67.2,60.9,67.8,,,59.9,60.7,60.0,6,0,0,0,1,4,0,0,0,3,0,7,6,2.0,2.3,0.0,0
Tommy Tremble,84025,TE,CAR,16,3,0,0,0.0,0,0,11,2,2,0,6,17.4,0,1,5,0,1,76.2,55.2,77.3,,53.2,51.7,57.9,64.0,7,1,180,20,276,216,0,0,32,23,1,11,6,2.0,3.7,0.65,0
Nelson Agholor,9453,WR,NE,16,3,1,0,0.0,0,0,11,1,3,1,7,22.8,0,0,19,0,0,78.3,64.8,89.4,,,63.6,63.0,65.2,6,0,491,38,450,283,0,0,61,41,0,11,7,2.33,3.7,1.09,0
George Kittle,11901,TE,SF,17,3,0,0,0.0,0,0,20,4,19,0,9,70.4,0,0,28,2,1,28.3,90.7,57.5,,76.4,91.2,65.1,73.6,9,5,1024,78,464,452,0,0,104,81,0,20,9,3.0,6.7,2.21,0
Allen Lazard,48135,WR,GB,16,3,0,0,0.0,0,0,32,3,4,0,23,69.7,2,2,12,0,0,79.1,64.7,76.5,,75.0,63.9,63.9,62.7,14,3,519,41,461,279,0,0,60,44,0,32,23,7.67,10.7,1.13,0
Tavon Austin,7789,WR,JAX,13,3,0,0,0.0,0,0,21,2,3,0,2,7.4,0,1,15,0,1,77.3,60.2,85.4,,,59.3,62.8,61.0,8,0,213,24,206,75,0,0,38,27,0,21,2,0.67,7.0,1.03,0
Jason Cabinda,50714,FB,DET,14,3,1,1,91.3,21,0,23,1,0,1,12,57.1,1,2,11,0,0,71.1,58.5,82.8,,52.8,47.5,82.3,55.3,21,0,16,4,39,89,0,0,7,7,0,23,12,4.0,7.7,0.41,0
Hunter Renfrow,47509,WR,LV,18,3,1,0,0.0,0,0,3,3,15,1,5,23.4,0,0,23,1,1,58.0,78.8,88.6,,,80.3,49.3,38.1,5,0,1096,111,585,194,0,0,135,114,0,3,5,1.67,1.0,1.87,0
Gerald Everett,11799,TE,SEA,15,3,1,0,0.0,0,0,20,3,11,1,10,78.4,2,2,29,2,0,24.6,63.5,57.5,,76.8,64.5,62.6,57.2,13,3,478,48,356,235,0,0,59,51,0,20,10,3.33,6.7,1.34,0
Chris Streveler,46440,QB,ARZ,2,2,0,0,0.0,0,0,2,0,0,0,2,0.0,0,0,1,1,1,73.0,50.8,0.0,56.9,,,56.1,60.0,4,1,0,0,0,12,4,1,0,2,0,6,6,2.0,2.0,,0
Johnny Stanton,46441,FB,CLV,3,3,0,0,0.0,0,0,5,0,0,0,3,0.0,0,2,8,0,2,69.0,61.7,0.0,,43.2,66.3,64.9,67.0,3,1,7,2,4,7,0,0,2,5,0,5,3,1.0,1.7,1.75,0
Scotty Miller,47481,WR,TB,10,3,0,1,63.5,33,0,52,0,0,0,6,0.0,2,3,30,0,0,73.6,56.1,44.3,,,53.3,84.7,60.4,33,1,84,10,155,49,0,0,15,13,1,52,6,2.0,17.3,0.54,0
Van Jefferson,47447,WR,LA,21,3,3,1,42.9,15,0,35,9,3,3,13,41.9,3,2,26,0,0,80.9,58.5,51.8,,66.8,59.5,71.5,45.1,15,5,904,59,696,384,0,0,103,62,0,35,13,4.33,11.7,1.3,0
Anthony McFarland Jr.,57289,HB,PIT,2,3,0,0,0.0,0,0,3,0,0,0,4,0.0,0,0,25,0,2,72.7,51.0,73.2,,,55.9,50.0,60.0,3,0,11,1,10,7,0,0,1,4,0,3,4,1.33,1.0,1.1,1
Reggie Gilliam,40951,FB,BUF,17,3,1,0,0.0,0,0,3,0,0,1,4,14.8,0,0,4,0,0,71.3,69.8,85.5,,84.7,57.7,53.0,76.3,2,0,35,6,51,119,0,0,8,9,0,3,4,1.33,1.0,0.69,0
Kadarius Toney,61245,WR,NYG,10,2,0,0,0.0,0,1,5,3,12,0,1,14.6,0,0,21,0,2,79.7,72.8,36.5,66.7,,74.4,48.8,56.2,7,1,420,39,196,84,1,1,53,41,0,6,5,1.67,2.0,2.14,0
Tyler Boyd,10689,WR,CIN,20,3,1,0,0.0,0,0,25,1,9,1,21,82.4,1,1,7,1,0,55.0,70.8,68.4,60.1,68.6,70.4,65.4,62.4,14,2,938,82,678,301,0,0,105,85,0,25,21,7.0,8.3,1.38,0
Feleipe Franks,40217,QB,ATL,7,3,0,0,0.0,0,0,6,0,0,0,6,0.0,0,0,2,0,1,68.2,27.1,73.3,57.7,,54.9,49.2,60.1,4,0,0,0,4,8,0,0,0,3,0,6,6,2.0,2.0,0.0,2
Ian Book,40216,QB,NO,1,1,0,0,0.0,0,0,3,0,0,0,2,0.0,0,1,20,0,0,77.8,54.1,78.0,53.0,,,59.9,60.0,3,1,0,0,0,19,3,2,0,1,0,6,6,2.0,2.0,,0
Gabe Nabers,40117,FB,LAC,9,3,0,0,0.0,0,0,8,0,0,0,6,0.0,0,1,27,0,0,70.3,59.0,80.2,,8.8,72.8,63.2,48.2,4,0,17,3,14,29,0,0,3,6,0,8,6,2.0,2.7,1.21,0
Khari Blasingame,44889,FB,TEN,12,3,0,0,0.0,0,0,6,1,0,0,8,0.0,0,1,31,1,3,17.6,48.4,79.9,,75.2,35.4,36.9,65.2,3,0,4,2,24,59,0,0,3,5,0,6,8,2.67,2.0,0.17,0
Henry Ruggs III,61102,WR,LV,7,3,1,0,0.0,0,0,16,2,4,1,7,43.2,0,1,23,0,0,77.9,73.4,59.1,,,73.9,64.3,52.9,7,1,469,24,218,103,0,0,35,27,0,16,7,2.33,5.3,2.15,0
Trenton Cannon,66446,HB,SF,3,3,0,0,0.0,0,0,4,0,0,0,3,0.0,0,0,28,0,2,26.1,58.1,73.4,,,54.4,62.4,60.0,3,0,0,0,7,4,0,0,0,3,0,4,3,1.0,1.3,0.0,0
Andre Roberts,5612,WR,LAC,7,3,0,0,0.0,0,0,19,0,0,0,5,0.0,0,0,27,0,0,34.8,58.4,75.5,,,58.9,58.0,60.7,9,0,35,1,22,9,0,0,2,4,0,19,5,1.67,6.3,1.59,0
JuJu Smith-Schuster,11817,WR,PIT,6,3,1,0,0.0,0,0,9,1,3,1,7,40.6,0,1,25,0,0,76.0,58.0,51.7,,,59.0,54.2,57.1,3,2,155,20,184,84,0,0,33,23,1,9,7,2.33,3.0,0.84,0
Adam Prentice,35639,FB,NO,7,3,0,0,0.0,0,0,5,0,0,0,3,0.0,0,2,20,0,0,69.7,68.4,82.6,,80.7,55.2,67.6,67.4,2,0,16,3,35,55,0,0,3,6,0,5,3,1.0,1.7,0.46,0
Sam Ehlinger,60555,QB,IND,3,3,0,0,0.0,0,0,9,0,0,0,4,0.0,0,1,14,0,1,67.2,67.6,74.5,,,,65.2,60.0,9,0,0,0,0,18,0,0,0,3,0,9,4,1.33,3.0,,1
Ashton Dulin,91479,WR,IND,17,3,2,1,115.6,37,1,32,2,1,2,5,31.3,1,1,14,0,0,77.8,59.9,86.0,,,61.4,58.0,50.2,37,1,173,13,117,197,0,0,22,16,0,32,5,1.67,10.7,1.48,0
Nathan Peterman,11926,QB,LV,1,1,0,0,0.0,0,0,1,0,0,0,0,0.0,0,1,23,0,0,64.5,57.7,69.2,,,,58.4,60.0,1,0,0,0,0,3,1,1,0,1,0,2,2,1.0,1.0,,0
Davis Webb,11842,QB,BUF,1,2,0,0,0.0,0,0,-3,0,0,0,0,0.0,0,0,4,0,0,65.2,60.8,69.2,,,,60.0,60.0,-1,0,0,0,0,4,0,0,0,2,0,-3,0,0.0,-1.5,,0
Zach Pascal,12303,WR,IND,16,2,0,0,0.0,0,0,21,3,0,0,8,0.0,1,0,14,1,0,29.9,52.7,64.9,,,52.5,61.1,55.5,12,3,384,38,494,339,0,0,67,40,0,21,8,4.0,10.5,0.78,0
Zay Jones,11792,WR,LV,18,2,0,0,0.0,0,1,3,1,5,0,2,9.3,0,0,23,1,0,40.3,70.6,88.6,,,70.4,53.2,59.9,4,1,607,52,448,232,0,0,77,54,0,3,2,1.0,1.5,1.35,0
Tim Boyle,21956,QB,DET,5,1,0,0,0.0,0,0,-1,0,0,0,0,0.0,1,1,11,1,0,54.8,54.0,83.0,52.2,,,66.4,60.0,14,1,0,0,0,80,14,1,0,1,0,13,0,0.0,6.5,,0
Kyle Allen,26152,QB,WAS,2,1,0,0,0.0,0,0,0,0,0,0,0,0.0,1,1,32,1,0,24.5,65.9,0.0,65.7,,,66.3,60.0,11,1,0,0,0,14,11,1,0,1,0,11,0,0.0,5.5,,0
Marcus Johnson,11074,WR,TEN,7,2,0,0,0.0,0,0,-2,1,1,0,4,18.2,0,1,31,0,0,77.3,63.0,43.4,,,64.9,62.3,49.3,5,1,160,9,93,99,0,0,17,11,0,-2,4,2.0,-1.0,1.72,0
John Kelly,34761,HB,CLV,1,2,0,0,0.0,0,0,13,0,0,0,8,0.0,1,1,8,0,0,65.2,64.3,66.8,,,,62.7,60.0,11,0,0,0,0,3,0,0,0,2,0,13,8,4.0,6.5,,2
Alec Ingold,34934,FB,LV,9,2,0,0,0.0,0,0,1,1,2,0,0,0.0,0,1,23,0,0,73.1,69.1,7.3,,79.1,64.8,60.2,71.3,1,1,85,10,46,79,0,0,12,12,0,1,0,0.0,0.5,1.85,0
Andy Janovich,10810,FB,CLV,13,2,0,0,,0,0,0,1,0,0,0,0.0,0,1,8,0,1,72.6,63.8,81.1,,52.7,59.1,61.5,64.7,1,0,9,3,20,58,0,0,4,5,1,0,0,0.0,0.0,0.45,0
Darrynton Evans,40692,HB,TEN,1,2,0,0,0.0,0,0,7,0,0,0,6,0.0,0,0,31,0,1,69.4,60.8,69.4,,73.0,74.4,55.0,,5,0,11,2,3,2,0,0,2,4,0,7,6,3.0,3.5,3.67,1
Raheem Mostert,9783,HB,SF,1,2,0,0,0.0,0,0,20,0,0,0,15,0.0,1,1,28,0,0,65.2,58.0,66.3,,,59.4,58.9,60.0,11,0,0,0,1,3,0,0,0,2,0,20,15,7.5,10.0,0.0,2
Jacques Patrick,45704,HB,SF,1,2,0,0,0.0,0,0,12,0,0,0,3,0.0,0,1,28,0,2,65.2,57.1,71.7,,,56.1,58.9,,8,0,0,0,4,2,0,0,0,2,0,12,3,1.5,6.0,0.0,0
Sean Mannion,9522,QB,MIN,1,1,0,0,0.0,0,0,3,0,0,0,1,0.0,1,2,18,0,0,79.4,68.9,78.0,64.4,,,74.4,60.0,11,0,0,0,0,10,11,1,0,1,0,14,20,10.0,7.0,,0
Tyler Lockett,9502,WR,SEA,16,2,0,0,0.0,0,0,9,1,3,0,0,0.0,0,0,29,0,0,82.1,81.0,76.9,,71.9,82.1,50.5,54.8,7,1,1175,73,500,282,0,0,103,75,0,9,0,0.0,4.5,2.35,0
Brandin Cooks,8655,WR,HST,16,2,0,1,76.2,16,1,21,4,6,0,8,26.1,1,1,13,0,0,83.1,77.4,89.4,,,77.3,62.6,52.5,16,2,1037,90,528,264,0,0,130,92,0,21,8,4.0,10.5,1.96,0
Odell Beckham Jr.,8647,WR,LA,18,2,1,0,0.0,0,0,14,5,2,1,8,17.9,1,1,26,0,0,81.4,74.8,77.9,79.9,,75.0,61.5,49.0,10,1,825,65,527,309,0,0,104,67,0,14,8,4.0,7.0,1.57,0
John Wolford,46454,QB,LA,3,2,0,0,0.0,0,0,-1,0,0,0,1,0.0,0,0,26,0,0,70.2,40.2,75.5,38.6,,,58.1,60.0,0,0,0,0,0,19,0,0,0,2,0,-1,1,0.5,-0.5,,1
Kurt Benkert,46540,QB,GB,1,2,0,0,0.0,0,0,-1,0,0,0,0,0.0,0,0,12,0,0,65.2,60.5,66.9,,,,60.0,,0,0,0,0,0,2,0,0,0,2,0,-1,0,0.0,-0.5,,0
Durham Smythe,47257,TE,MIA,17,2,0,0,0.0,0,1,3,1,0,0,2,0.0,0,2,17,0,0,77.8,59.5,80.6,,65.0,62.7,62.0,50.7,2,3,357,34,286,324,0,0,39,36,0,3,2,1.0,1.5,1.25,0
Cameron Batson,47669,WR,TEN,3,2,0,0,0.0,0,0,15,0,0,0,2,0.0,1,1,31,0,0,73.6,65.2,78.7,,,62.4,62.7,69.8,11,0,15,2,27,32,0,0,5,4,0,15,2,1.0,7.5,0.56,2
James Washington,47792,WR,PIT,16,2,0,0,0.0,0,1,13,2,1,0,4,7.1,1,1,25,0,0,27.1,52.9,67.8,,,53.4,60.5,48.2,12,3,322,26,356,124,0,0,45,28,0,13,4,2.0,6.5,0.9,0
Ray-Ray McCloud III,47895,WR,PIT,17,2,1,0,0.0,0,0,15,4,5,1,14,97.7,1,1,25,1,0,39.5,58.0,67.3,,67.4,57.7,73.6,52.2,10,1,297,41,348,172,0,0,65,43,0,15,14,7.0,7.5,0.85,0
Cedrick Wilson,48170,WR,DAL,17,2,0,0,0.0,0,0,11,3,4,0,0,0.0,0,1,9,2,0,31.4,71.7,89.4,82.0,67.2,71.6,60.9,37.1,6,1,664,50,391,161,0,0,71,52,0,11,0,0.0,5.5,1.7,0
A.J. Brown,48327,WR,TEN,14,2,0,0,0.0,0,1,10,9,8,0,3,17.1,0,1,31,0,0,81.6,86.3,43.7,38.2,,88.8,64.4,61.2,7,3,1011,68,372,257,0,0,110,70,0,10,3,1.5,5.0,2.72,0
Patrick Ricard,48862,FB,BLT,13,2,0,0,0.0,0,0,4,0,1,0,3,15.0,0,2,3,0,0,71.5,73.9,75.9,,61.1,50.3,69.6,87.1,2,1,63,8,141,314,0,0,11,10,0,4,3,1.5,2.0,0.45,0
Dallin Leavitt,49120,S,LV,2,2,0,0,0.0,0,0,6,0,0,0,2,0.0,0,2,23,0,0,65.2,68.5,66.4,,,,67.9,,4,0,0,0,0,2,0,0,0,2,0,6,2,1.0,3.0,,0
Marquise Goodwin,7859,WR,CHI,14,2,0,0,0.0,0,1,-1,0,0,0,3,0.0,0,0,6,1,1,25.4,62.5,63.6,,,64.6,53.0,44.1,1,1,313,20,241,136,0,0,38,22,0,-1,3,1.5,-0.5,1.3,0
Travis Kelce,7844,TE,KC,19,2,0,0,0.0,0,1,3,6,23,0,1,9.8,0,1,16,1,2,62.1,85.0,53.4,71.9,70.8,87.2,60.9,62.8,4,7,1424,115,740,289,0,0,158,117,1,3,1,0.5,1.5,1.92,0
Jerry Jeudy,61103,WR,DEN,10,2,1,0,0.0,0,1,3,2,6,1,4,35.0,0,0,10,1,0,30.0,68.7,39.5,,,70.5,50.5,57.4,3,2,467,38,253,141,0,0,54,40,0,3,4,2.0,1.5,1.85,0
Emmanuel Sanders,5606,WR,BUF,16,2,0,1,77.4,24,2,31,2,0,0,4,0.0,1,2,4,0,0,79.4,66.4,24.3,,,68.3,67.6,45.3,24,7,678,45,533,224,0,0,72,47,0,31,4,2.0,15.5,1.27,0
Chase Daniel,5214,QB,LAC,1,2,0,0,0.0,0,0,-2,0,0,0,0,0.0,0,0,27,0,0,65.2,60.8,69.9,,,,60.0,60.0,-1,0,0,0,0,5,0,0,0,2,0,-2,0,0.0,-1.0,,0
Jaylen Waddle,84088,WR,MIA,16,2,1,0,0.0,0,0,3,9,11,1,1,5.7,0,1,17,1,1,64.9,78.3,54.2,,,78.5,62.5,63.0,2,4,1015,104,579,281,0,0,138,106,1,3,1,0.5,1.5,1.75,0
Joe Flacco,4332,QB,NYJ,2,1,0,0,0.0,0,0,2,0,0,0,1,0.0,0,1,22,1,0,29.7,62.1,0.0,62.5,,,62.7,60.0,2,1,0,0,0,20,1,1,0,1,0,3,4,2.0,1.5,,0
Christian Kirk,47546,WR,ARZ,18,1,0,0,0.0,0,1,11,6,3,0,3,10.7,1,1,1,0,0,84.5,72.1,57.4,82.2,,72.7,63.1,48.4,11,3,1035,83,576,330,0,0,112,84,0,11,3,3.0,11.0,1.8,0
Andrew Wingard,49268,S,JAX,1,1,0,0,0.0,0,0,4,0,0,0,3,0.0,0,1,15,0,0,61.9,64.9,60.4,,,,63.1,,4,2,0,0,0,1,0,0,0,1,0,4,3,3.0,4.0,,0
Reggie Bonnafon,47542,HB,CAR,1,1,0,0,0.0,0,0,4,0,0,0,2,0.0,0,0,5,0,1,66.2,60.5,74.4,,53.9,71.1,58.4,,4,0,12,2,8,1,0,0,2,3,0,4,2,2.0,4.0,1.5,0
Sean Chandler,51315,S,CAR,1,1,0,0,0.0,0,0,14,0,0,0,2,0.0,1,1,5,0,0,65.8,64.9,60.4,,,,63.1,,14,2,0,0,0,1,0,0,0,1,0,14,2,2.0,14.0,,0
Jakobi Meyers,47468,WR,NE,18,1,0,0,0.0,0,0,9,4,4,0,0,0.0,0,0,19,1,0,83.7,74.7,67.7,78.1,75.5,74.6,63.1,56.9,9,3,906,89,574,368,0,0,130,90,0,9,0,0.0,9.0,1.58,0
Kenny Stills,7926,WR,NO,13,1,0,0,0.0,0,0,1,2,0,0,1,0.0,0,0,20,0,0,70.3,54.7,84.5,,68.5,54.6,59.2,54.2,1,0,68,6,155,106,0,0,21,7,0,1,1,1.0,1.0,0.44,0
Mark Andrews,47436,TE,BLT,17,1,0,0,,0,1,0,3,9,0,0,0.0,0,0,3,1,0,60.4,91.5,90.2,,74.0,91.0,56.9,75.3,0,3,1361,107,623,264,0,0,149,108,0,0,0,0.0,0.0,2.18,0
Gary Brightwell,57133,HB,NYG,5,1,0,0,0.0,0,0,4,0,0,0,2,0.0,0,0,21,0,1,64.6,54.7,70.2,,63.8,58.2,56.9,57.2,4,0,6,1,8,4,0,0,1,2,0,4,2,2.0,4.0,0.75,0
David Njoku,11784,TE,CLV,16,1,0,0,0.0,0,0,1,2,5,0,3,40.5,0,0,8,0,0,78.0,70.9,77.8,,72.4,70.0,59.2,64.1,1,6,475,36,305,296,0,0,53,37,0,1,3,3.0,1.0,1.56,0
Mike Gesicki,47153,TE,MIA,17,1,0,0,,0,2,0,3,4,0,0,0.0,0,0,17,1,0,81.8,68.7,67.3,51.2,36.6,70.8,60.0,46.1,0,4,780,73,539,235,0,0,106,74,0,0,0,0.0,0.0,1.45,0
Jordan Akins,47050,TE,HST,13,1,0,0,0.0,0,0,3,2,2,0,2,16.0,0,1,13,2,0,19.1,52.5,67.9,,32.6,57.1,61.4,45.7,3,4,214,24,200,89,0,0,31,25,0,3,2,2.0,3.0,1.07,0
C.J. Board,12088,WR,NYG,6,1,0,0,0.0,0,0,6,0,1,0,4,80.0,0,0,21,0,0,80.4,61.4,79.2,,,60.0,59.2,76.3,6,2,51,4,48,26,0,0,6,5,0,6,4,4.0,6.0,1.06,0
Mike Evans,8642,WR,TB,18,1,0,0,0.0,0,0,10,6,10,0,2,21.7,1,1,30,0,0,83.0,75.4,90.0,,,75.1,63.1,50.5,10,2,1271,91,719,290,0,0,134,92,0,10,2,2.0,10.0,1.77,0
Eric Ebron,8645,TE,PIT,8,1,0,0,0.0,0,0,1,2,0,0,1,0.0,0,1,25,0,0,72.5,48.4,82.8,,76.1,46.8,62.0,49.2,1,0,84,12,172,60,0,0,17,13,1,1,1,1.0,1.0,0.49,0
Zach Ertz,7816,TE,ARZ,18,1,0,0,0.0,0,0,4,3,4,0,2,10.3,0,0,1,0,0,82.1,65.5,67.2,,77.0,69.4,56.2,46.9,4,4,784,77,551,298,0,0,112,78,0,4,2,2.0,4.0,1.42,0
David Blough,46508,QB,DET,1,0,0,0,0.0,0,0,0,0,0,0,,100.0,0,0,11,1,0,13.6,26.2,69.2,60.0,,,58.3,60.0,6,0,0,0,0,2,6,1,0,0,0,6,4,4.0,6.0,,0
Nathan Cottrell,45980,HB,JAX,1,1,1,0,0.0,0,0,3,0,0,1,6,600.0,0,0,15,0,1,61.9,67.0,62.8,,,,62.9,,3,0,0,0,0,1,0,0,0,1,0,3,6,6.0,3.0,,0
Ito Smith,45932,HB,DAL,1,1,0,0,0.0,0,0,4,0,0,0,2,0.0,0,1,9,0,1,61.9,66.0,69.2,,,59.7,61.9,60.0,4,0,0,0,1,4,0,0,0,1,1,4,2,2.0,4.0,0.0,0
Michael Palardy,9277,P,MIA,2,0,0,0,0.0,0,0,0,0,0,0,,100.0,0,0,17,0,0,60.4,51.7,67.4,,,,55.3,60.0,1,0,0,0,0,1,1,1,0,0,0,1,0,0.0,1.0,,0
Johnny Hekker,7252,P,LA,4,1,0,0,,0,0,0,0,0,0,0,0.0,0,0,26,1,0,13.5,39.9,68.4,46.7,,,60.0,,0,0,0,0,0,1,0,0,0,1,0,0,0,0.0,0.0,,0
Devine Ozigbo,45903,HB,NE,2,1,1,0,0.0,0,0,-3,0,0,1,1,50.0,0,0,19,0,0,66.7,60.9,69.6,,69.4,69.3,57.3,,-3,0,7,1,8,2,0,0,1,2,0,-3,1,1.0,-3.0,0.88,1
Randall Cobb,6216,WR,GB,13,1,0,0,0.0,0,0,1,0,2,0,1,6.9,0,0,12,0,0,76.9,70.1,64.3,,,71.8,60.0,49.0,1,1,375,28,275,109,0,0,39,29,0,1,1,1.0,1.0,1.36,0
Breshad Perriman,9459,WR,TB,7,1,1,0,0.0,0,0,-3,3,3,1,6,184.6,0,0,30,0,0,72.5,57.2,83.5,,,56.5,60.0,69.3,-3,0,172,12,143,42,0,0,20,13,0,-3,6,6.0,-3.0,1.2,0
Phillip Dorsett,9462,WR,HST,6,1,0,0,,0,0,0,0,0,0,0,0.0,0,0,13,0,0,70.3,62.9,80.0,,,63.4,56.6,60.5,0,0,110,7,66,26,0,0,14,8,0,0,0,0.0,0.0,1.67,0
Antonio Brown,5718,WR,TB,7,1,1,0,0.0,0,0,6,2,6,1,2,32.6,0,0,30,0,0,78.6,87.4,20.0,,,87.1,63.4,58.3,6,2,545,42,195,66,0,0,61,43,0,6,2,2.0,6.0,2.79,0
Chris Conley,9509,WR,HST,16,1,1,0,0.0,0,0,3,2,4,1,11,239.1,0,1,13,1,0,75.2,60.5,72.1,,74.0,60.4,62.0,56.0,3,1,323,22,335,259,0,0,34,23,0,3,11,11.0,3.0,0.96,0
Ryan Nall,45753,HB,CHI,6,1,0,0,0.0,0,0,4,0,0,0,6,0.0,0,0,6,0,0,64.6,71.0,76.8,,76.9,55.8,62.2,70.6,4,0,4,1,10,7,0,0,1,2,0,4,6,6.0,4.0,0.4,1
Cole Kmet,60995,TE,CHI,17,1,0,0,,0,1,0,5,7,0,1,11.5,0,0,6,0,0,80.7,63.4,76.2,,44.5,63.4,,62.2,0,5,612,60,499,335,0,0,89,61,0,0,1,1.0,0.0,1.23,0
Olamide Zaccheaus,44920,WR,ATL,17,1,1,0,0.0,0,0,2,3,0,1,3,9.4,0,1,2,0,0,79.9,63.4,87.8,,56.6,62.0,62.0,66.1,2,0,406,31,373,208,0,0,51,32,0,2,3,3.0,2.0,1.09,0
Ryan Fitzpatrick,2467,QB,WAS,1,0,0,0,0.0,0,0,0,0,0,0,,100.0,0,0,32,1,0,70.3,38.9,73.9,42.5,,,55.7,60.0,2,0,0,0,0,7,2,1,0,0,0,2,1,1.0,2.0,,0
Amari Rodgers,61212,WR,GB,12,1,1,0,0.0,0,0,11,1,1,1,6,240.0,1,1,12,0,0,53.3,60.6,80.7,,65.9,58.3,63.1,61.3,11,0,45,4,41,58,0,0,8,5,0,11,6,6.0,11.0,1.1,0
Braden Mann,44664,P,NYJ,1,1,0,0,0.0,0,0,4,0,0,0,2,0.0,0,0,22,0,0,61.9,46.8,60.5,,,,56.0,,4,0,0,0,0,1,0,0,0,1,0,4,2,2.0,4.0,,0
Greg Dortch,42237,WR,ARZ,4,1,0,1,100.0,24,0,24,0,1,0,1,25.0,1,1,1,0,0,75.2,63.5,75.7,,,61.2,63.1,59.0,24,0,15,3,20,11,0,0,3,4,0,24,1,1.0,24.0,0.75,0
Trey Ragas,42174,HB,LV,1,1,0,0,0.0,0,0,9,0,0,0,4,0.0,0,1,23,0,1,66.2,64.8,71.8,,42.6,60.2,63.2,,9,0,6,2,6,1,0,0,2,3,0,9,4,4.0,9.0,1.0,0
Jaelon Darden,61522,WR,TB,10,1,0,0,0.0,0,0,11,0,0,0,1,0.0,1,1,30,0,0,88.2,52.0,81.0,,,50.6,63.1,59.2,11,0,43,6,62,29,0,0,12,7,0,11,1,1.0,11.0,0.69,0
Marquise Brown,61568,WR,BLT,16,1,0,0,0.0,0,0,5,6,8,0,3,26.1,0,1,3,3,0,30.0,68.6,56.4,,,68.7,62.0,59.0,5,3,1008,91,625,266,0,0,139,92,0,5,3,3.0,5.0,1.61,0
Sterling Shepard,10674,WR,NYG,7,1,1,0,0.0,0,0,-9,5,5,1,-3,-48.6,0,0,21,0,0,78.0,64.6,32.8,,62.4,66.1,56.6,53.8,-9,2,366,36,221,108,0,0,53,37,0,-9,-3,-3.0,-9.0,1.66,0
Shi Smith,61643,WR,CAR,6,1,0,0,0.0,0,0,-3,0,1,0,0,0.0,0,0,5,0,0,70.9,61.4,78.7,,,60.8,56.9,72.1,-3,0,104,6,64,21,0,0,9,7,0,-3,0,0.0,-3.0,1.63,0
Quez Watkins,61664,WR,PHI,18,1,1,0,0.0,0,0,3,1,8,1,6,117.4,0,0,24,0,0,81.1,68.2,76.4,,66.2,71.8,,33.0,3,2,682,45,452,348,0,0,68,46,0,3,6,6.0,3.0,1.51,0
Pharoh Cooper,10751,WR,NYG,8,1,0,0,0.0,0,0,3,0,0,0,1,0.0,0,0,21,0,0,84.6,49.7,82.3,,,51.8,,39.9,3,0,33,4,91,54,0,0,11,5,0,3,1,1.0,3.0,0.36,0
Maurice Ffrench,39871,WR,LAC,1,1,0,0,0.0,0,0,3,0,0,0,2,0.0,0,0,27,0,0,68.5,49.0,65.4,,,,56.6,60.0,3,0,0,0,0,2,0,0,0,1,0,3,2,2.0,3.0,,0
Josh Palmer,62979,WR,LAC,17,1,0,0,0.0,0,0,6,1,1,0,5,14.7,0,0,27,0,0,77.0,62.6,64.9,,71.8,63.6,,46.5,6,1,353,33,295,143,0,0,45,34,0,6,5,5.0,6.0,1.2,0
Jamie Gillan,63303,P,CLV,1,1,0,0,0.0,0,0,-8,0,0,0,0,0.0,0,0,8,1,0,16.4,60.0,65.7,,,,60.0,,-8,0,0,0,0,1,0,0,0,1,0,-8,0,0.0,-8.0,,0
Preston Williams,38855,WR,MIA,8,1,1,0,0.0,0,0,7,1,1,1,5,142.9,0,0,17,0,0,68.8,59.2,82.7,,,55.9,,83.0,7,0,71,6,105,65,0,0,16,7,0,7,5,5.0,7.0,0.68,0
Derek Watt,10832,FB,PIT,17,1,0,0,0.0,0,0,1,0,0,0,1,0.0,0,1,25,0,0,67.4,76.4,82.9,,70.4,67.4,62.3,72.0,1,0,15,3,13,71,0,0,4,4,0,1,1,1.0,1.0,1.15,0
Gunner Olszewski,95015,WR,NE,10,1,0,0,0.0,0,0,9,0,1,0,3,100.0,0,0,19,0,0,25.1,62.5,0.0,,,64.6,63.1,52.2,9,1,31,2,33,31,0,0,3,3,0,9,3,3.0,9.0,0.94,0
Dawson Knox,35883,TE,BUF,17,0,0,0,0.0,0,2,0,6,10,0,,17.9,0,1,4,0,0,80.5,63.6,61.2,56.9,48.4,65.9,60.0,56.5,4,7,685,56,573,370,0,0,80,56,0,4,,,,1.2,0
Andy Lee,1906,P,ARZ,3,1,0,0,,0,0,0,0,0,0,0,0.0,0,0,1,2,0,11.3,36.6,67.9,60.0,,56.8,60.0,,0,0,0,0,1,1,0,0,0,1,0,0,0,0.0,0.0,0.0,0
Dyami Brown,77986,WR,WAS,15,1,0,0,0.0,0,0,-4,1,1,0,1,7.7,0,0,32,0,0,72.9,55.5,86.1,,,56.9,56.2,43.2,-4,0,165,12,201,122,0,0,24,13,0,-4,1,1.0,-4.0,0.82,0
Clayton Fejedelem,10879,S,MIA,2,1,0,0,,0,0,0,0,0,0,0,0.0,0,0,17,1,0,,59.0,66.4,,,56.8,60.0,,0,0,0,0,1,1,0,0,0,1,0,0,0,0.0,0.0,0.0,0
Chester Rogers,10918,WR,TEN,17,1,0,0,0.0,0,0,9,2,2,0,6,37.5,0,0,31,0,0,69.0,57.0,66.4,,,57.4,63.1,50.6,9,2,304,31,323,137,0,0,43,32,0,9,6,6.0,9.0,0.94,0
DeSean Jackson,4363,WR,LV,17,1,0,0,0.0,0,0,4,2,1,0,2,9.1,0,0,23,1,0,25.3,69.3,85.7,,,69.3,56.6,58.2,4,0,480,21,216,98,0,0,34,22,0,4,2,2.0,4.0,2.22,0
Bryan Edwards,28486,WR,LV,17,1,0,0,,0,0,0,2,6,0,1,15.8,0,0,23,1,0,29.6,62.9,77.6,,66.2,62.6,56.2,62.5,0,2,612,37,552,279,0,0,62,38,0,0,1,1.0,0.0,1.11,0
Patrick Laird,28219,HB,MIA,6,1,0,0,0.0,0,0,4,0,2,0,2,100.0,0,0,17,0,0,68.3,67.5,79.3,,66.3,79.0,56.7,60.0,4,0,17,3,27,5,0,0,3,4,0,4,2,2.0,4.0,0.63,1
Tremon Smith,28196,CB,HST,1,1,0,0,0.0,0,0,7,0,0,0,2,0.0,0,0,13,0,1,81.1,64.8,62.8,,,,62.9,,7,0,0,0,0,1,0,0,0,1,0,7,2,2.0,7.0,,0
John Ross,11764,WR,NYG,10,1,1,1,100.0,16,0,16,0,2,1,3,75.0,1,1,21,0,0,72.9,67.0,45.1,,,66.5,63.1,65.0,16,1,224,11,144,59,0,0,19,12,0,16,3,3.0,16.0,1.56,0
Cyril Grayson,12077,WR,TB,5,1,0,0,0.0,0,0,14,0,0,0,2,0.0,1,1,30,0,0,73.1,72.5,81.5,,,72.5,59.9,59.6,14,0,212,10,72,53,0,0,13,11,0,14,2,2.0,14.0,2.94,0
C.J. Moore,26617,S,DET,3,1,0,1,100.0,28,0,28,0,0,0,6,0.0,1,1,11,0,0,61.9,67.2,67.5,,99.9,,61.9,,28,0,0,0,0,1,0,0,0,1,0,28,6,6.0,28.0,,1
Darius Slayton,25578,WR,NYG,13,1,0,0,0.0,0,0,-13,6,1,0,0,0.0,0,0,21,1,0,26.8,52.8,69.8,,,53.8,56.6,46.6,-13,1,339,26,359,154,0,0,55,27,0,-13,0,0.0,-13.0,0.94,0
Dax Milne,84147,WR,WAS,13,1,0,0,0.0,0,0,1,0,0,0,2,0.0,0,0,32,1,0,19.9,57.8,82.1,,,55.6,57.2,74.5,1,0,83,9,89,67,0,0,13,10,0,1,2,2.0,1.0,0.93,0
Adam Thielen,8288,WR,MIN,13,1,0,0,0.0,0,0,2,2,7,0,3,30.9,0,0,18,1,0,48.1,74.6,88.8,,,73.5,,68.1,2,0,726,67,446,283,0,0,86,68,0,2,3,3.0,2.0,1.63,0
Stanley Morgan Jr.,48110,WR,CIN,12,1,0,0,0.0,0,0,3,0,0,0,0,0.0,0,0,7,0,0,69.8,55.2,82.0,,67.5,50.5,58.5,69.3,3,0,11,2,46,85,0,0,4,3,0,3,0,0.0,3.0,0.24,0
Jeff Smith,48055,WR,NYJ,12,1,0,0,0.0,0,0,-1,2,0,0,1,0.0,0,0,22,0,0,71.3,57.9,83.2,,70.1,58.9,56.2,50.2,-1,0,113,8,132,77,0,0,16,9,0,-1,1,1.0,-1.0,0.86,0
Nate McCrary,143789,HB,BLT,1,1,0,0,0.0,0,0,-1,0,0,0,2,0.0,0,0,3,0,0,61.9,58.2,64.5,,,60.0,59.7,,-1,0,0,0,1,1,0,0,0,1,0,-1,2,2.0,-1.0,0.0,1
Terry McLaurin,48229,WR,WAS,17,1,1,0,0.0,0,0,12,2,7,1,5,51.3,1,1,32,0,0,82.0,78.3,80.5,,,78.3,63.1,59.2,12,2,1053,77,582,389,0,0,126,78,0,12,5,5.0,12.0,1.81,0
Alex Bachman,47996,WR,NYG,2,1,0,0,0.0,0,0,-3,0,0,0,0,0.0,0,0,21,0,0,73.5,47.2,76.1,,,51.2,56.0,50.4,-3,0,0,0,19,10,0,0,0,1,0,-3,0,0.0,-3.0,0.0,0
Cam Sims,47908,WR,WAS,14,1,0,0,0.0,0,0,7,2,0,0,1,0.0,0,0,32,0,0,73.5,62.6,85.0,,,62.3,63.4,51.4,7,0,211,15,171,105,0,0,24,16,0,7,1,1.0,7.0,1.23,0
D.K. Metcalf,47864,WR,SEA,17,1,0,0,0.0,0,2,6,4,9,0,4,47.4,0,0,29,1,0,50.0,80.9,30.8,,65.4,82.5,,55.2,6,7,967,75,499,289,0,0,124,76,0,6,4,4.0,6.0,1.94,0
K.J. Osborn,23503,WR,MIN,17,1,0,0,0.0,0,2,10,2,1,0,3,5.9,1,1,18,0,0,81.5,64.9,47.8,,67.6,65.8,63.1,52.6,10,5,655,50,504,237,0,0,74,51,0,10,3,3.0,10.0,1.3,0
Evan Engram,11778,TE,NYG,15,1,0,0,0.0,0,0,-3,4,2,0,2,8.5,0,0,21,1,0,33.9,53.5,92.3,,54.6,54.9,56.9,46.6,-3,0,408,46,459,215,0,0,67,47,0,-3,2,2.0,-3.0,0.89,0
C.J. Beathard,11859,QB,JAX,2,1,0,0,0.0,0,0,2,0,0,0,0,0.0,0,0,15,0,0,67.4,95.0,71.1,95.4,,,60.0,60.0,2,0,0,0,0,4,0,0,0,1,0,2,0,0.0,2.0,,0
